date,agriculture,construction,budget,cpi,ind_prod,dur_1_day,dur_2_7_days,dur_8_30_days,dur_31_90_days,dur_91_180_days,dur_181_plus_days,m2sa,in_res,nfa_cb,for_cur,sdr,mvf_pos,mon_gold,import,export,percent_to_period_last_year,percent_to_last_period,exch_rate
1991-01-01,,,,106.2,,,,,,,,,,,,,,,,,,,
1991-02-01,,,,104.8,,,,,,,,,,,,,,,,,,,
1991-03-01,,,,106.3,,,,,,,,,,,,,,,,,,,
1991-04-01,,,,163.5,,,,,,,,,,,,,,,,,,,
1991-05-01,,,,103,,,,,,,,,,,,,,,,,,,
1991-06-01,,,,101.2,,,,,,,,,,,,,,,,,,,
1991-07-01,,,,100.6,,,,,,,,,,,,,,,,,,,
1991-08-01,,,,100.5,,,,,,,,,,,,,,,,,,,
1991-09-01,,,,101.1,,,,,,,,,,,,,,,,,,,
1991-10-01,,,,103.5,,,,,,,,,,,,,,,,,,,
1991-11-01,,,,108.9,,,,,,,,,,,,,,,,,,,
1991-12-01,,,,112.1,,,,,,,,,,,,,,,,,,,
1992-01-01,,,,345.3,,,,,,,,,,,,,,,,,,,
1992-02-01,,,,138,,,,,,,,,,,,,,,,,,,
1992-03-01,,,,129.9,,,,,,,,,,,,,,,,,,,
1992-04-01,,,,121.7,,,,,,,,,,,,,,,,,,,
1992-05-01,,,,111.9,,,,,,,,,,,,,,,,,,,
1992-06-01,,,,119.1,,,,,,,,,,,,,,,,,,,
1992-07-01,,,,110.6,,,,,,,,,,,,,,,,,,,161.2
1992-08-01,,,,108.6,,,,,,,,,,,,,,,,,,,205
1992-09-01,,,,111.5,,,,,,,,,,,,,,,,,,,254
1992-10-01,,,,122.9,,,,,,,,,,,,,,,,,,,398
1992-11-01,,,,126.1,,,,,,,,,,,,,,,,,,,447
1992-12-01,,,,125.2,,,,,,,,,,,,,,,,,,,414.5
1993-01-01,,,,125.8,,,,,,,,,4532,1954,1953,1,1,2578,,,,,572
1993-02-01,,,,124.7,,,,,,,,,,,,,,,,,,,593
1993-03-01,,,,120.1,,,,,,,,,,,,,,,,,,,684
1993-04-01,,,,118.7,,,,,,,,,5378,2798,2796,0,1,2580,,,,,823
1993-05-01,,,,118.1,,,,,,,,,,,,,,,,,,,994
1993-06-01,,,,119.9,,,,,,,,,,,,,,,,,,,1060
1993-07-01,,,,122.39,,,,,,,,,7141,4396,4394,1,1,2745,,,,,989.5
1993-08-01,,,,126,,,,,,,,,,,,,,,,,,,985
1993-09-01,,,,123,,,,,,,,,,,,,,,,,,,1201
1993-10-01,,,,119.5,,,,,,,,,9112,6157,6117,38,1,2955,,,,,1186
1993-11-01,,,,116.39,,,,,,,,,,,,,,,,,,,1214
1993-12-01,,,,112.5,,,,,,,,,,,,,,,,,,,1247
1994-01-01,,,,117.9,,,,,,,,,8894,5835,5829,5,1,3059,,,,,1542
1994-02-01,,,,110.82,,,,,,,,,,,,,,,,,,,1657
1994-03-01,,,,107.41,,,,,,,,,,,,,,,,,,,1753
1994-04-01,,,,108.49,,,,,,,,,7642,4602,4599,2,1,3040,,,,,1820
1994-05-01,,,,106.91,,,,,,,,,,,,,,,,,,,1901
1994-06-01,,,,106,,,,,,,,,,,,,,,,,,,1985
1994-07-01,,,,105.33,,,,,,,,,10511,8048,7159,888,2,2463,,,,,2052
1994-08-01,,,,104.62,,,,,,,,,,,,,,,,,,,2153
1994-09-01,,,,107.96,,,,,,,,,,,,,,,,,,,2596
1994-10-01,,,,115,,,,,,,,,6745,4161,3834,326,1,2584,,,,,3055
1994-11-01,,,,114.61,,,,,,,,,,,,,,,,,,,3232
1994-12-01,,,,116.44,,,,,,,,,,,,,,,,,,,3550
1995-01-01,,,,117.77,,,,,,,,,6506,3980,3976,3,1,2525,,,,,4004
1995-02-01,,,,111.02,,,,,,,,,,,,,,,,,,,4407
1995-03-01,,,,108.94,,,,,,,,,,,,,,,,,,,4897
1995-04-01,,,,108.47,,,,,,,,,6552,4148,4145,2,1,2404,,,,,5100
1995-05-01,,,,107.93,,,,,,,,,,,,,,,,,,,4995
1995-06-01,,,,106.66,,,,,,,,,,,,,,,,,,,4538
1995-07-01,,,,105.38,,,,,,,,152.421696853552,12413,10086,9857,227,1,2327,,,,,4415
1995-08-01,,,,104.56,,,,,,,,162.907830602897,,,,,,,,,,,4435
1995-09-01,,,,104.46,,,,,,,,173.992765769783,,,,,,,,,,,4508
1995-10-01,,,,104.72,,,,,,,,183.804693835449,13622,11154,11022,132,1,2467,,,,,4504
1995-11-01,,,,104.56,,,,,,,,190.123489513244,,,,,,,,,,,4578
1995-12-01,,,,103.2,,,,,,,,200.390183049027,,,,,,,,,,,4640
1996-01-01,,,,104.11,,,,,,,,211.462032286801,17207,14383,14265,117,1,2824,,,,,4732
1996-02-01,,,,102.79,,,,,,,,220.146505016409,,,,,,,,,,,4815
1996-03-01,,,,102.8,,,,,,,,229.796430959843,,,,,,,,,,,4854
1996-04-01,,,,102.16,,,,,,,,242.985494672178,19248,16331,16074,256,1,2917,,,,,4932
1996-05-01,,,,101.6,,,,,,,,247.792247207833,,,,,,,,,,,5014
1996-06-01,,,,101.17,,,,,,,,252.145988066889,,,,,,,,,,,5108
1996-07-01,,,,100.72,,,,,,,,259.824159682153,15877,12792,12652,139,1,3085,,,,,5191
1996-08-01,,,,99.79,,,,,,,,268.467751441848,,,,,,,,,,,5345
1996-09-01,,,,100.33,,,,,,,,275.69389366549,,,,,,,,,,,5396
1996-10-01,,,,101.2,,,,,,,,282.345665800433,15075,11399,11392,5,1,3677,,,,,5455
1996-11-01,,,,101.88,,,,,,,,287.435646234835,,,,,,,,,,,5511
1996-12-01,,,,101.42,,,,,,,,289.656906940182,,,,,,,,,,,5560
1997-01-01,,,,102.34,,,,,,,,276.042470192597,15324,11276,11271,5,1,4047,6654,4704,,,5629
1997-02-01,,,,101.54,,,,,,,,294.51971460663,13993,9930,9924,4,1,4064,6433,4939,,,5676
1997-03-01,,,,101.43,,,,,,,,300.570193056523,15208,11127,11117,9,1,4081,7043,5522,,,5726
1997-04-01,,,,100.96,,,,,,,,307.705515065585,16495,12429,12427,1,1,4066,6743,6043,,,5762
1997-05-01,,,,100.94,,,,,,,,314.495243308249,18184,14068,14066,1,1,4117,6515,5391,,,5773
1997-06-01,,,,101.1,,,,,,,,325.777214941346,20016,15884,15798,85,1,4132,6730,5674,,,5782
1997-07-01,,,,100.93,,,,,,,,342.762037044359,24549,20396,20389,5,1,4153,7423,6319,,,5798
1997-08-01,,,,99.86,,,,,,,,358.49845965893,24456,20186,20180,5,1,4270,6874,5996,,,5830
1997-09-01,,,,99.7,,,,,,,,365.18890246868,23920,19604,19603,0,1,4316,6993,6077,,,5860
1997-10-01,,,,100.17,,,,,,,,370.646134992544,23105,18737,18733,3,1,4368,7763,6672,,,5887
1997-11-01,,,,100.61,,,,,,,,379.236530202582,22916,18448,18443,3,1,4468,8063,6340,,,5919
1997-12-01,,,,100.96,,,,,,,,365.55043742694,16810,12201,12199,1,1,4608,8711,8112,,,5960
1998-01-01,,,,101.51,,,,,,,,357.944036730551,17784,12895,12771,122,1,4889,5662,5603,,,6.026
1998-02-01,,,,100.89,,,,,,,,370.930812520845,15375,10480,10477,1,1,4895,5638,5841,,,6.072
1998-03-01,,,,100.64,,,,,,,,369.071590680607,15034,10212,10208,3,1,4822,6510,6320,,,6.106
1998-04-01,,,,100.38,,,,,,,,367.570895074601,16859,11910,11906,3,1,4948,6066,6010,,,6.133
1998-05-01,,,,100.5,,,,,,,,370.170591007117,15953,10957,10952,3,1,4996,5962,5612,,,6.164
1998-06-01,,,,100.08,,,,,,,,372.828139890014,14627,9625,9621,3,1,5002,6339,5633,,,6.198
1998-07-01,,,,100.17,,,,,,,,364.996582205892,16169,11161,10906,253,1,5008,6597,5449,,,6.238
1998-08-01,,,,103.67,,,,,,,,360.858264369936,18409,13805,13791,13,1,4604,6118,4865,,,7.905
1998-09-01,,,,138.43,,,,,,,,350.885525227159,12459,8198,8196,0,1,4262,6284,2995,,,16.0645
1998-10-01,,,,104.54,,,,,,,,380.902567350646,12709,8840,8839,0,1,3869,5825,2872,,,16.01
1998-11-01,,,,105.67,,,,,,,,396.538640078158,13572,9656,9590,64,1,3916,5707,2895,,,17.88
1998-12-01,,,,111.61,,,,,,,,415.374181054026,12480,8175,8172,1,1,4306,7034,3443,,,20.65
1999-01-01,96.5,0.7,3.4,108.38,,,,,,,,433.394898890677,12223,7801,7800,0,1,4422,4154,2525,,,22.6
1999-02-01,97.2,0.9,-3.8,104.13,,,,,,,,458.641364904632,11621,7078,7014,63,1,4543,4536,2773,,,22.86
1999-03-01,97.7,2.5,-17.1,102.79,,,,,,,,475.739521311005,11437,7284,7281,2,1,4153,5367,3259,,,24.18
1999-04-01,99.1,1,-21.5,103.03,,,,,,,,487.107462516313,10765,6679,6676,1,1,4086,6017,3092,,,24.23
1999-05-01,100.1,1.1,-30.9,102.22,,,,,,,,517.396044898056,11168,7074,7011,62,1,4094,4711,2723,,,24.44
1999-06-01,100.3,3.4,-38.2,101.91,,,,,,,,549.62935073743,11937,8034,8032,0,1,3903,4953,3776,,,24.22
1999-07-01,106.2,1.2,-37.9,102.82,,,,,,,,567.489297702369,12152,8189,8187,1,1,3964,5761,3044,,,24.19
1999-08-01,104.9,1.3,-36.2,101.16,,,,,,,,588.331192977789,11921,7827,7184,642,1,4094,5655,2926,,,24.75
1999-09-01,106,3.4,-36.5,101.48,,,,,,,,606.020763081976,11231,6824,6663,160,1,4407,5904,2949,,,25.08
1999-10-01,109.7,1.6,-29.7,101.37,,,,,,,,620.471582534099,11212,6634,6632,0,1,4579,6483,3179,,,26.05
1999-11-01,106.9,2.2,-9.9,101.23,,,,,,,,652.991821751183,11752,7081,7080,0,1,4671,7071,3260,,,26.42
1999-12-01,103,12.7,-44.4,101.26,,,,,,,,674.344181475671,11504,7599,7597,1,1,3906,9044,3757,,,27
2000-01-01,102.6,0.9,19.1,102.33,,,,,,,,681.339747788384,12456,8457,8455,1,1,3998,6483,2719,,,28.55
2000-02-01,104.2,1.1,32.6,101.04,,,,,,,,723.256017942345,12948,8912,8911,1,1,4035,7574,3208,,,28.66
2000-03-01,104.6,2.1,36.3,100.64,,,,,,,,751.957074462529,13657,9606,9605,0,1,4051,8713,3421,,,28.46
2000-04-01,101.6,1.2,65,100.89,,,,,,,,777.773130013053,15532,11456,11455,0,1,4076,7761,3154,,,28.4
2000-05-01,101.6,1.4,108.2,101.75,,,,,,,,803.465249372294,17091,13410,13408,0,1,3682,7959,3165,,,28.25
2000-06-01,101.6,3.1,126.9,102.55,,,,,,,,844.126936010202,19570,15878,15876,1,1,3692,8206,3343,,,28.07
2000-07-01,104.7,1.3,150.5,101.79,,,,,,,,884.872115445956,20996,17685,17682,2,1,3312,8069,3373,,,27.8
2000-08-01,118.6,1.4,174,100.98,,4.45,7.98,8.89,11.07,14.83,26,938.611455646609,23302,19955,19954,0,1,3347,8569,3535,,,27.75
2000-09-01,106.7,3.2,191.1,101.32,,3.18,6.86,8.29,15.5,22.5,31,976.939443905267,23731,20289,20287,1,1,3442,8431,3510,,,27.75
2000-10-01,103.9,1.6,214.4,102.11,,4.97,6.71,9.54,11.62,22,26,1018.98285243169,25007,21474,21472,1,1,3533,8403,3921,,,27.83
2000-11-01,102.6,2,248.7,101.52,,7.94,7.57,11.48,11.63,18.2,17,1035.54969866781,25880,22290,22288,1,1,3590,9499,4131,,,27.85
2000-12-01,99.3,11,137.6,101.64,,8.44,11.11,13.27,14.78,17.5,15.4,1070.30797569197,27667,24035,24033,1,1,3632,9553,4651,,,28.16
2001-01-01,101.7,1,53.2,102.76,,5.23,7.36,10.83,13.44,5.83,18.25,1094.98088787937,27972,24264,24263,1,1,3708,7930,3048,,,28.37
2001-02-01,101.1,0.9,49.5,102.28,,12.01,8.64,14.08,16.08,24.38,21.2,1112.45670643929,29638,25888,25887,1,1,3749,7821,3528,,,28.72
2001-03-01,101.6,2.1,69.9,101.86,,8.45,10.3,13.8,12.85,23.83,21.12,1136.7868402986,28345,24591,24586,3,1,3754,8493,4058,,,28.74
2001-04-01,102.7,1.2,119.8,101.79,,9.52,12.12,14.17,15.78,22.34,11.71,1174.54702835342,29709,25942,25938,3,1,3767,8036,4170,,,28.83
2001-05-01,103.4,1.3,177.7,101.78,,6.67,9.05,11.94,13.43,17.74,11.6,1224.56927869773,31650,27868,27864,3,1,3782,8104,4375,,,29.09
2001-06-01,102.8,3.2,179,101.62,,12.56,12.1,14.49,18.5,17.75,20.25,1235.12450927162,33550,29749,29742,5,1,3801,8703,4472,,,29.07
2001-07-01,115.4,1.4,167.8,100.45,,6.35,9.42,11.95,13.17,23.11,22.08,1271.31103264784,35053,31251,31234,16,1,3801,7652,4217,,,29.27
2001-08-01,118.2,1.6,230.6,100.01,,7.2,8.83,12.01,15.36,21.32,22.52,1321.85312805017,36502,32694,32677,17,1,3807,8557,4388,,,29.37
2001-09-01,103.7,3.6,225.8,100.6,,8.45,10.59,13,13.6,28,24.97,1373.09263958808,37493,33686,33682,3,1,3807,8045,4000,,,29.39
2001-10-01,101.1,2.1,262.7,101.09,,7.13,8.72,13.68,14.49,26.5,19.03,1430.98825282219,37957,34044,34040,3,1,3913,7544,4630,,,29.7
2001-11-01,106.5,2.6,312.2,101.36,,13.77,14.16,14.5,15.07,22.35,18,1476.61182051589,38002,34016,34012,3,1,3986,7900,4884,,,29.9
2001-12-01,104.8,10.7,264.3,101.6,,24.5,25.02,22.52,20.8,19.73,18.11,1469.68356530279,37288,33277,33273,3,1,4011,7770,5549,,,30.14
2002-01-01,103.2,1.3,105,103.09,,9.57,10.05,15.67,14.95,20.71,18,1529.59008988026,36622,32542,32538,3,1,4080,6383,3515,,,30.685
2002-02-01,104.8,1.2,111.2,101.16,,12.71,12.09,15,14.77,20.6,18,1543.11264441699,36408,32317,32312,3,1,4091,6331,3818,,,30.9274
2002-03-01,105.6,2.3,122.7,101.08,,12.52,13.23,15.2,17.42,21.94,17.69,1560.20730945168,36860,32768,32763,4,1,4092,8051,4450,,,31.1192
2002-04-01,104.3,1.5,162.7,101.16,,9.28,11.29,14.42,15.51,20.58,18.75,1592.23498319303,37295,33179,33174,4,1,4116,8994,4903,,,31.1963
2002-05-01,102.6,1.5,204.5,101.69,,5.12,8.42,13.54,13.14,21.59,20.54,1636.93066510554,39155,35024,35019,4,1,4131,8108,4480,,,31.3071
2002-06-01,101.1,3.4,184.6,100.53,,6.21,9.4,12.44,11.82,20.46,20,1692.85150822739,42227,38496,38489,5,1,3731,7783,4735,,,31.4471
2002-07-01,103.5,1.7,239,100.72,,12.88,11.2,14.08,13.68,19.71,21,1721.71633765523,43579,39848,39838,8,2,3731,8844,5250,,,31.4401
2002-08-01,96.2,1.9,250.5,100.09,,4.83,8.29,11.99,11.91,19.09,19.75,1771.62455688824,43294,39564,39554,8,2,3731,9490,4937,,,31.5673
2002-09-01,95,3.7,264.3,100.4,,6.01,8.04,10.48,12.78,19.46,,1822.52156532421,44327,40596,40587,8,2,3731,9258,4936,,,31.6358
2002-10-01,109.4,2.3,241.2,101.07,,6.4,7.16,11.08,11.71,20.15,18.19,1865.68507458904,45619,41887,41878,8,2,3732,9457,5637,,,31.7408
2002-11-01,109.9,2.9,233.7,101.61,,4.14,9.75,11.1,15.2,19.12,18.24,1937.71117249584,46767,43034,43025,8,2,3733,8823,5512,,,31.8424
2002-12-01,99.2,10.1,97,101.54,,5.11,7.55,12.81,14.55,17.83,17.66,1976.76966979259,48205,44470,44467,1,2,3735,10546,6248,,,31.7844
2003-01-01,99.7,1.7,95.7,102.4,,6.46,7.33,10.6,13.66,20.66,17.97,2023.26099864326,47793,44054,44051,1,2,3739,9184,4554,,,31.8222
2003-02-01,99.8,1.5,89.2,101.63,,2.51,4.65,8.29,14.65,17.44,17.58,2073.8460218839,49274,45534,45531,1,2,3740,9409,5018,,,31.5762
2003-03-01,99,2.4,105.5,101.05,,2.63,4.1,4.56,5.77,12.62,17.22,2152.07345093659,53061,49326,49324,0,2,3735,11064,5804,,,31.3805
2003-04-01,98.5,1.7,172.1,101.02,,1.89,2.88,3.93,6.04,11.55,16.08,2238.82814497765,55525,51790,51788,0,2,3735,9528,5977,,,31.1
2003-05-01,97.4,1.7,228.8,100.8,,1.31,2.82,3.22,4.58,15.63,17.3,2333.68051331589,59847,56111,56072,37,2,3736,9793,5713,,,30.709
2003-06-01,95.9,3.7,214.3,100.8,,1.36,2.12,3.64,6.54,11.98,13.37,2438.90640664438,64882,61144,61141,2,2,3738,10422,5852,,,30.3483
2003-07-01,91.6,2,258.4,100.71,,3.62,4.05,4.02,5.47,12.35,14.23,2553.3072975304,64430,60691,60681,8,2,3739,10867,6436,,,30.2596
2003-08-01,90,1.9,261.4,99.59,,3.81,4.61,4.52,5.97,11.25,10.94,2616.2818706861,64454,60710,60672,36,2,3744,11428,6101,,,30.5036
2003-09-01,109,3.7,260.7,100.34,,9.78,9.4,8.06,9.13,11.1,12.52,2695.66956270418,62752,59011,59005,4,2,3741,11026,6218,,,30.6119
2003-10-01,111.3,2.5,324.7,101,,4.79,6.03,6.38,7.8,11.33,12.34,2752.53557507549,62073,58330,58324,4,2,3743,12032,6830,,,29.8584
2003-11-01,102.8,2.6,342.7,100.96,,3.33,3.26,4.41,8.81,13.65,14.9,2814.11668805961,64928,61183,61152,29,2,3744,10982,6548,,,29.7387
2003-12-01,99,11,173.8,101.1,,1.39,2.52,5.01,6.74,11.41,13.21,2891.6173867159,68169,64415,64412,1,2,3754,13325,8163,,,29.4545
2004-01-01,99,1.8,126,101.75,,1.09,1.55,3.82,5.9,6.08,12.48,3042.30663205586,76938,73175,73172,1,2,3763,10875,5363,,,28.4937
2004-02-01,99,1.7,120.1,100.99,,1.18,2.01,3.04,5.06,8.05,12.35,3259.26762779224,83990,80226,80224,0,2,3763,11673,6334,,,28.5156
2004-03-01,99,2.5,155.4,100.75,,1.67,2.49,3.03,3.92,6.94,12.48,3380.34742011687,86318,82558,82555,1,2,3760,13487,7506,,,28.4853
2004-04-01,99.6,1.8,267,100.99,,5.86,5.21,5.85,6.9,10.14,10.6,3431.96414528912,83398,79639,79636,1,2,3760,14201,7473,,,28.8834
2004-05-01,99.5,1.8,358.4,100.74,,10.08,9.49,8.49,8.31,10.04,11.91,3483.75618750335,82664,78904,78877,25,2,3760,13147,7122,,,28.985
2004-06-01,99.7,3.6,412,100.78,,6.41,6.25,7.38,9.23,12.71,15.04,3502.43585279073,85612,81849,81847,0,2,3763,14351,7638,,,29.0274
2004-07-01,113.3,2.2,539.9,100.92,,3.73,4.14,5.41,10.11,12.69,13.5,3576.41382091689,88226,84462,84460,0,2,3763,15083,8078,,,29.1019
2004-08-01,109.8,2.4,614.2,100.42,,3.79,4.68,6.59,7.96,10.92,12.52,3604.92947793878,88610,84857,84825,30,2,3753,16371,8051,,,29.2447
2004-09-01,97.1,3.9,710.3,100.43,,2.91,3.19,4.29,8.52,11.32,12.58,3654.74767212581,88702,84948,84945,0,3,3754,15899,8026,,,29.2171
2004-10-01,101.6,2.8,832.6,101.14,,1.17,1.56,3.51,6.66,9.69,10.65,3726.82726364112,95082,91329,91326,0,3,3754,16732,8641,,,28.7655
2004-11-01,104.4,3.4,938.4,101.11,,1.09,1.77,3.74,7.53,10.78,11.99,3881.03025775694,107338,103607,103603,1,3,3730,17317,9155,,,28.2367
2004-12-01,100.2,13.1,760.2,101.14,,1.12,1.76,3.73,6.24,11.49,12.27,4018.48830692073,117434,113703,113699,1,3,3731,18724,10857,,,27.7487
2005-01-01,99.4,2.1,343.5,102.62,,1.03,1.53,3.15,6.11,11.44,12.59,4133.03809346809,124541,120809,120805,1,3,3732,13675,6934,,,28.0845
2005-02-01,99.1,1.8,459.3,101.23,,1.03,1.65,3.18,6.02,9.14,10.75,4237.78957717267,124927,121199,121166,30,3,3728,15867,8346,,,27.7738
2005-03-01,100,2.7,655.4,101.34,,0.92,1.74,2.69,4.39,6.75,12.43,4366.24271743315,134153,130426,130421,2,3,3727,19549,10020,,,27.8256
2005-04-01,100.1,1.9,786.2,101.12,,1.38,1.79,3.07,4.16,7.78,7.64,4479.32674068465,137381,133651,133646,2,3,3730,19515,9531,,,27.7726
2005-05-01,100.7,1.9,919.5,100.8,,2.85,3.05,3.5,4.15,8.5,9.33,4589.74683000821,144255,140524,140519,2,3,3731,20047,9451,,,28.0919
2005-06-01,100.3,3.9,1070.7,100.64,,3.94,3.77,4.29,5.26,6.15,9.38,4659.54351034955,147360,143628,143623,2,3,3731,19131,9898,,,28.6721
2005-07-01,103.9,1.9,1208.3,100.46,,3.42,3.88,4.23,5.08,6,9.75,4791.94132346162,151578,147777,147768,6,3,3802,21191,10722,,,28.6341
2005-08-01,102.1,2.6,1356.1,99.86,,2.48,2.88,3.53,4.84,6.93,10.31,4955.24639070798,144624,140896,140842,6,48,3729,21378,10644,,,28.545
2005-09-01,103.3,4.4,1325.9,100.25,,1.37,1.87,3.65,4.1,5.56,8.29,5131.85630074529,149754,146026,145972,6,48,3729,21402,10719,,,28.4989
2005-10-01,98.2,2.8,1671.1,100.55,,2.82,2.84,3.5,4.49,6.3,8.25,5285.50906489747,159560,155831,155777,6,48,3730,21831,11456,,,28.4244
2005-11-01,101.7,3.6,1900.8,100.74,,5.74,5.79,5.56,6.62,6.75,10,5439.38583764096,164971,161242,161113,6,123,3730,21792,12294,,,28.7312
2005-12-01,105.5,14,1759,100.82,,4.68,4.99,5.84,7.33,7.59,9,5552.30191859699,168396,164666,164539,6,121,3730,24647,13825,,,28.7825
2006-01-01,101.6,1.8,298.9,102.43,,2.93,3.14,3.7,6.74,6.63,7,5726.09809652279,182240,175892,175690,6,196,6349,20524,8311,,,28.1207
2006-02-01,101.2,1.5,448.4,101.66,,2.81,2.89,4,6.54,8.6,5.63,5883.92104653826,188451,181401,181197,6,198,7050,21449,10080,,,28.1223
2006-03-01,101.7,3,715.3,100.82,,3.03,3.25,3.66,5.38,8.07,8.5,5977.59380043238,195931,189050,188847,6,197,6881,24439,12353,,,27.7626
2006-04-01,101.6,2.2,850.6,100.35,,3.48,3.95,4.08,4.33,6.3,9.5,6155.17245663312,205881,198676,198472,6,198,7205,23652,11359,,,27.2739
2006-05-01,101.2,2.2,1194.8,100.48,,2.21,2.67,3.1,4,6.13,11.5,6348.79400708817,226413,218521,218312,7,202,7892,26770,12921,,,26.984
2006-06-01,101,5,1402.7,100.28,,2.69,3,3.78,3.49,8.79,7.79,6632.65115606671,247343,239271,239059,7,205,8072,25137,14477,,,27.0789
2006-07-01,99.4,2.1,1654.4,100.67,,2.08,2.59,3.33,4.52,7.99,10,6893.67137300798,250561,243174,242939,7,228,7386,25482,13479,,,26.8718
2006-08-01,97.5,3,1977.5,100.19,,2.33,2.74,3,3.86,8.01,6.4,7189.02514461507,265699,257859,257623,7,229,7840,27853,14240,,,26.7379
2006-09-01,104.1,5.1,2131,100.09,,3.35,3.57,4.03,4.15,10.65,,7446.18625211237,259862,252184,251947,7,230,7677,25392,14342,,,26.7799
2006-10-01,108.6,3.5,2424.1,100.28,,4.26,4.57,4.49,5.07,5.31,8.57,7744.59064603105,266197,258705,258470,7,228,7492,24049,15821,,,26.7477
2006-11-01,113.6,4.6,2626.7,100.63,,6.39,6.28,6.31,6.37,6.99,7.38,7962.86737032764,272543,264956,264721,7,228,7586,24382,16180,,,26.3147
2006-12-01,105.9,16.6,2250.6,100.79,,4.9,5.23,5.67,5.95,8.05,8.23,8182.62979074787,289042,280970,280730,7,233,8072,28354,19625,,,26.3311
2007-01-01,102.6,2.9,371.2,101.68,,3.21,3.76,4.42,5.05,9.09,9.5,8516.35653585615,303732,295567,295277,7,283,8164,21287,11655,,,26.5331
2007-02-01,102.6,2.5,508.4,101.11,,3.63,3.77,4.39,6.3,7.46,5.65,8734.92163743854,303886,295562,295274,7,281,8325,22945,14073,,,26.1599
2007-03-01,104.4,4,775.6,100.59,,4.92,5.06,5.44,5.55,7.12,7.73,8970.357267943,314534,305869,305579,7,283,8665,25945,16884,,,26.0113
2007-04-01,104.2,2.9,923.5,100.57,,3.39,4.01,4.4,4.8,6.31,10.55,9376.73604920666,338830,330334,330043,7,285,8496,26994,16694,,,25.6851
2007-05-01,104.2,2.8,1241.2,100.63,,3.31,3.69,4.01,5.04,5.69,9.28,9985.16077906676,369117,360410,360116,7,287,8707,28681,17453,,,25.9031
2007-06-01,104.4,6,1464.5,100.95,,3.36,3.84,4.1,4.5,5.49,8.92,10613.7104341679,403207,394749,394384,7,357,8458,26194,18541,,,25.8162
2007-07-01,104.5,3.1,1819.9,100.87,,3.39,3.88,3.86,3.89,6.85,8.45,10608.1609772506,405840,397398,397033,7,358,8442,29083,19332,,,25.5999
2007-08-01,105.8,3.7,2120,100.09,,5.22,5.61,5.7,5.75,6.39,8.28,10896.295891831,416167,407495,407132,1,362,8672,30318,19995,,,25.6494
2007-09-01,100.3,6,2182.6,100.79,,6.17,6.88,7.19,6.98,7.92,6.35,11184.1328941335,416040,407111,406748,1,363,8929,27680,18693,,,24.9493
2007-10-01,102.8,4.1,2965.8,101.64,,5.83,6.76,7.75,7.86,7.24,10.26,11507.1305589106,425378,415264,414895,1,368,10114,34437,22225,,,24.7238
2007-11-01,102.9,5.9,2523.1,101.23,,6.34,6.82,8.18,7.54,7.84,10.14,11707.9233734328,446961,436007,435634,1,372,10954,35197,22610,,,24.3506
2007-12-01,104,17.3,1989.7,101.13,,4.08,5.08,6.24,6.9,9.27,12.8,12064.6002338242,463528,452162,451785,1,376,11366,37769,24928,,,24.5462
2008-01-01,104.3,3.2,561,102.31,,2.62,3.42,5.17,5.57,6.26,6.35,12213.7068344144,478762,466750,466376,1,374,12012,33870,15558,108.3,50.6,24.4764
2008-02-01,105.9,2.6,694.1,101.2,,4.31,4.68,5.92,6.8,9.09,7.25,12558.9905088134,488368,475072,474694,1,377,13296,35095,20977,110.7,125.4,24.1159
2008-03-01,106,4.4,998.4,101.2,,4.36,5.22,6.47,7.15,8.19,7.75,12763.900141047,494932,481011,480629,1,381,13921,39407,23238,104.7,100.2,23.5156
2008-04-01,106.6,3,1793,101.42,,4.17,4.81,6.32,6.66,7.99,10.57,12950.2521507817,512584,498890,498499,1,389,13694,40525,25211,110.1,110.2,23.6471
2008-05-01,106.8,2.9,2053.4,101.35,,3.71,4.37,6.46,6.35,7.88,7.5,12961.9712656491,532474,519758,519372,1,384,12716,42478,24286,104.2,94.7,23.7384
2008-06-01,107.3,5.6,2028.1,100.97,,3.64,4.38,6.01,7.28,7.21,11.07,13233.1843218686,546035,533109,532725,1,384,12926,43024,25311,104.1,105,23.4573
2008-07-01,111.1,3.9,3073.8,100.51,,4.19,4.74,6.12,6.33,7.78,12.75,13603.6284068641,568966,555182,554794,1,387,13785,46546,28686,106.3,102.5,23.4456
2008-08-01,116.8,3.8,3305.6,100.36,,5.9,6.35,7.53,8.15,9.81,10.6,13879.9013001115,596566,582679,582294,1,384,13887,44952,27130,108.6,102.6,24.5769
2008-09-01,111.2,5.8,3437.4,100.8,,7.44,8.21,9.54,10.69,9.29,8,14286.2526081713,582212,569123,568750,1,372,13089,42974,27230,99.9,92.6,25.2464
2008-10-01,117.5,4.7,3834.6,100.91,,7.78,10.83,12.38,13.23,8.98,,14134.5432526327,556813,542839,542470,1,369,13974,38383,26711,99.4,99.6,26.543
2008-11-01,115.5,5.8,3380,100.83,,8.98,13.39,16.55,22.54,13.58,18,13558.6394375699,484590,472005,471652,1,353,12585,29353,21076,95.4,102.7,27.606
2008-12-01,104.5,18.4,2012.1,100.69,,8.89,11.07,19.07,21.26,17,,13169.7755039202,455730,442391,441373,1,1018,13339,29692,23258,89.3,128.6,29.3804
2009-01-01,102.3,3.1,582.9,102.37,,16.93,18.3,23.37,27.48,21.95,28,12312.0648168806,426281,411748,410695,1,1051,14533,18868,10280,95.9,54.4,35.4146
2009-02-01,101.8,2.8,317.4,101.65,,9.26,11.96,19.36,21.19,14,7.33,11438.5779609806,386892,371426,370407,1,1018,15466,17419,13210,102.6,134.1,35.7205
2009-03-01,102.4,4.5,226.4,101.31,,8.63,10.96,13.47,15.79,16.79,6.5,11515.3323131015,384090,368157,367151,2,1004,15932,21467,14230,105.7,103.3,34.0134
2009-04-01,102,3.3,15.6,100.69,,8.58,9.02,10.88,14.97,12.99,13.47,11547.4987995023,383808,368065,366876,2,1187,15743,18836,14146,102.8,107.1,33.2491
2009-05-01,101.7,3,-162.6,100.57,,7.06,7.79,9.47,11.91,15.3,16.33,11838.3613020049,383788,368348,367157,2,1189,15440,21159,13115,105.6,97.3,30.9843
2009-06-01,98.9,4.9,-577,100.6,,6.75,7.48,9.04,15.35,13.23,11.04,12271.9495079216,404170,387280,385738,3,1539,16889,23573,14669,103.3,102.8,31.2904
2009-07-01,100.3,4.1,-575.4,100.63,,6.46,7.4,8.14,11.02,12.38,,12469.1058987282,412512,395891,394187,3,1701,16621,26166,15213,98.1,97.3,31.7555
2009-08-01,88.4,4,-565.7,100,,6.61,7.12,8.68,10.59,10.58,11.5,12670.7034036369,401908,384875,383170,3,1701,17033,26805,14818,91.8,96.1,31.5687
2009-09-01,107.4,5.2,-948.9,99.97,,7.25,7.94,8.3,10.79,12,15.75,12897.0443464268,409546,391876,383044,6907,1925,17670,28613,16811,102.7,103.5,30.0922
2009-10-01,106.7,4.7,-920.4,100,,5.81,6.27,6.79,9.34,8.75,15,13222.7452743022,413364,394518,383578,8993,1947,18846,30162,18409,109.4,106.2,29.0488
2009-11-01,102.1,5.8,-1123.4,100.29,,5.22,5.66,5.6,10.68,8.91,11.63,13770.6678727404,434435,414028,403048,9026,1954,20407,30400,18442,103.6,97.2,29.8179
2009-12-01,106.8,14.5,-2448.6,100.41,,4.83,5.65,6.97,10.04,13,,14059.1495975775,447671,424692,413573,9140,1979,22979,33687,20580,112.9,140.2,30.2442
2010-01-01,100.1,3.1,396,101.64,,4,4.65,5.33,9.86,,,14478.5230551569,439450,416653,405825,8901,1927,22798,26977,11142,116.6,56.2,30.4312
2010-02-01,100.3,2.9,243.7,100.86,,3.83,4.22,4.78,6.74,11.19,10.55,14875.7591029596,436267,413514,402778,8826,1911,22753,30094,15239,106.9,122.9,29.9484
2010-03-01,100.9,3.5,242.4,100.63,,3.54,4.1,5.52,6.63,5.47,8.75,15248.2891879283,436775,413334,402750,8700,1884,23441,32992,18436,106.4,102.8,29.3638
2010-04-01,100.3,3.8,308.9,100.29,,3.28,3.52,4.65,8,4.6,,15572.7358299346,447442,423321,412834,8621,1866,24120,32693,18904,106.5,107.2,29.2886
2010-05-01,100.2,3.1,288.9,100.5,,2.75,3.36,4.93,4.01,,,16076.1265015248,461169,435565,425126,8582,1858,25603,31106,19053,102.9,94.1,30.4956
2010-06-01,96,5.1,272.3,100.39,,2.55,3.13,4.57,5.48,6.19,8.3,16419.9339632756,456434,428991,418808,8371,1812,27443,31554,19327,104.4,104.3,31.1954
2010-07-01,89.8,3.1,293.4,100.36,,2.62,3.29,4.08,4.81,4.85,8,16705.413868656,461201,432994,422778,8398,1818,28206,30726,20811,108.3,100.9,30.1869
2010-08-01,76.2,3.8,247.2,100.55,,2.58,3.37,3.92,4.4,6.71,5.68,17143.1920063875,475307,448043,437551,8625,1867,27264,31260,23605,106.3,94.3,30.664
2010-09-01,74.9,4.5,109.7,100.84,,2.63,3.25,3.86,4.57,5.93,7.06,17597.7744834257,476266,447071,436647,8568,1855,29195,33670,23209,104,101.2,30.403
2010-10-01,96.3,4.6,36.2,100.5,,2.69,3.16,5.07,4.16,5.46,5.78,17900.7177783139,490099,458319,447567,8839,1913,31780,34589,24453,102.4,104.7,30.7821
2010-11-01,93,5.9,-100.1,100.81,,3.04,3.62,4.8,5.02,5.56,6.28,18376.1668657717,497082,463767,452905,8930,1932,33315,34506,24544,105,99.6,31.3061
2010-12-01,100.6,15,-1584.7,101.08,,2.89,3.85,4.18,4.97,7.05,7.12,18716.2591929796,483063,448778,438237,8666,1876,34285,42507,26956,105.1,140.3,30.4769
2011-01-01,101.7,2.6,468.8,102.37,,2.71,3.59,4.16,4.76,5.7,7.27,18968.3127850687,479379,443591,432948,8749,1893,35788,29590,16228,101.1,53.3,29.6684
2011-02-01,101.8,2.7,455.9,100.78,,2.81,3.16,4.5,5.51,5.43,6.99,19229.5407478712,484158,450766,439969,8876,1920,33393,39623,21670,100.8,122.6,28.9405
2011-03-01,101.7,4,817,100.62,,3.08,3.51,4.25,4.54,5.31,6.17,19493.9050129462,493835,458045,447175,8936,1934,35790,42461,26794,97.6,99.5,28.429
2011-04-01,101.5,3.1,1172.4,100.43,,3.22,3.78,4.48,4.68,5.24,7.76,19690.5261634846,502460,465455,454223,9011,2221,37005,45803,26919,98.7,109.6,27.5022
2011-05-01,101.3,2.9,1442.6,100.48,,3.73,4.21,4.78,4.55,4.75,6.61,19964.320572605,523950,483229,471725,9217,2287,40720,44039,27930,96.3,90.7,28.0685
2011-06-01,102,5.4,1746.4,100.23,,3.71,4.1,4.82,4.79,4.79,6.96,20135.6915817409,521092,480141,468072,9096,2974,40950,43656,27478,101.7,110.7,28.0758
2011-07-01,114.8,3.6,2083.3,99.99,,3.85,4.27,4.81,4.9,4.74,6.14,20540.5610196674,524527,484015,471942,9098,2974,40512,41435,26855,101.2,99.2,27.6796
2011-08-01,125.9,3.9,2357.5,99.76,,3.94,4.74,4.72,5.28,4.96,6.13,20922.1840986503,533905,490264,477855,9095,3315,43640,43842,29428,101.6,95.4,28.8569
2011-09-01,139.3,5.5,2425.4,99.96,,4.43,5.03,5.43,5.89,5.78,6.29,21264.2450657057,545012,496366,483885,9148,3334,48645,43037,26841,103,102.7,31.8751
2011-10-01,140.4,5,2700.7,100.48,,4.93,5.84,6.06,6.97,7.63,7.59,21775.0002051406,516848,472496,459753,8879,3864,44352,45247,28702,98.6,101,29.8977
2011-11-01,140.5,6.5,2640.8,100.42,,5.05,5.93,6.41,7.02,7.53,8.43,21997.197445059,525557,476967,464023,9019,3925,48589,46427,29755,101.7,102.2,31.3216
2011-12-01,104.8,17.1,860.7,100.44,,5.41,6.17,6.91,7.76,7.98,8.68,22449.6354608616,510910,462686,450027,8820,3838,48224,50248,29955,103.5,144.2,32.1961
2012-01-01,102.5,3.1,413.5,100.5,,4.84,5.78,6.48,7.33,8.17,9.45,22942.2761297537,498649,453952,441162,8729,4061,44697,39497,19141,100.4,51.7,30.3647
2012-02-01,103.9,2.8,225.9,100.37,,4.41,4.97,5.93,7.51,8.48,9.54,23234.0336119673,505391,456550,443627,8820,4104,48841,44877,24696,102.7,125.3,28.9503
2012-03-01,104.9,3.9,519.9,100.58,,5.12,5.71,6.06,6.6,7.08,8.05,23443.5302396856,513978,463810,450848,8847,4116,50168,46658,28405,103.2,100,29.3282
2012-04-01,105,2.9,636.5,100.31,,5.34,5.71,6.54,7.53,7.51,9.15,23622.4320414013,513491,465664,452646,8808,4209,47827,44903,26771,101.4,107.6,29.3627
2012-05-01,104.7,3.1,1050.9,100.52,,5.8,6.11,6.31,7.08,7.54,8.61,23830.9497634092,524370,476458,463088,8818,4553,47912,45473,28156,105.4,94.4,32.4509
2012-06-01,103.3,5.2,1140.2,100.89,,5.77,6.44,6.77,7.24,8.93,8.83,24032.2252154068,510432,465128,452106,8588,4434,45304,40810,26979,107.7,112.9,32.8169
2012-07-01,96.3,4.2,1402,101.23,,5.61,6.23,6.69,7.32,8.08,8.74,24308.0318949424,514317,467992,454907,8630,4456,46325,41155,29700,100.8,92.9,32.1881
2012-08-01,95.8,4.3,1593.2,100.1,,5.33,6.02,6.52,7.09,7.77,8.93,24398.9146925543,510543,461865,448858,8578,4429,48678,41119,29959,108.2,102.4,32.2934
2012-09-01,91.4,5.1,1585.4,100.55,,5.53,5.89,6.22,6.85,8.27,7.9,24509.9745147553,514593,464857,451624,8655,4578,49736,42930,27364,104.8,99.5,30.9169
2012-10-01,85.3,5.5,1778.1,100.46,,6.1,6.59,6.83,7.5,7.86,9.1,24793.363732883,529893,476380,462970,8770,4639,53512,46540,32157,103.7,100.1,31.5252
2012-11-01,90.5,7.2,1734.6,100.34,,6.12,6.63,6.75,7,7.57,10.25,25169.2932450369,526766,475260,461863,8762,4635,51505,45268,30587,109.1,107.4,31.0565
2012-12-01,101.4,18.4,260.4,100.54,,6.17,6.56,6.93,7.56,8.35,9.34,25311.8909995321,528236,476241,462792,8729,4720,51995,48203,31855,105.5,139.5,30.3727
2013-01-01,101.6,3.6,288.4,100.97,81.5,5.42,5.91,6.57,7.41,7.76,8.74,25762.4018462754,537618,486578,473110,8741,4727,51039,38714,21712,100.4,49.4,30.0277
2013-02-01,101.5,2.9,95.7,100.56,99.7,5.66,6.07,6.34,7.65,7.86,7.25,26221.5716694384,532155,480195,466598,8767,4831,51960,41763,26484,106.6,133,30.6202
2013-03-01,101.2,3.9,290.9,100.34,113.5,6.03,6.46,7.09,7.31,7.96,8.04,26632.4436259415,526172,475650,462372,8616,4662,50522,44356,28370,109.6,102.8,31.0834
2013-04-01,100.8,3.7,396.1,100.51,95.6,6.22,6.55,6.56,7.71,8.21,9.35,27062.1545371911,527708,477267,464126,8528,4614,50441,44333,29849,109,107,31.2559
2013-05-01,100.6,3.4,570.1,100.66,101.1,6.37,6.74,7.08,7.34,8.07,7.1,27252.5754280388,533218,486350,473121,8584,4645,46868,40879,26383,100.2,86.7,31.5893
2013-06-01,101.2,5.1,535.3,100.42,98,6.3,6.63,7.02,8.06,7.9,7.82,27593.9968712504,518431,473393,460435,8525,4432,45039,41707,28243,102.1,115.1,32.709
2013-07-01,105.5,4.2,736.9,100.82,101.4,6.08,6.56,6.92,7.34,7.9,8.06,28088.9608662198,513772,475224,462122,8555,4548,38547,43585,30263,104.5,95.1,32.8901
2013-08-01,103.3,5.1,848.6,100.14,99.5,6.11,6.42,7.3,7.27,7.83,7.41,28534.3496494111,512834,470205,456979,8609,4617,42630,42399,28351,104.2,102.1,33.2474
2013-09-01,101.8,6.8,913.3,100.21,102.3,6.25,6.55,6.56,8.1,7.71,7.54,28733.501389925,509674,464202,451203,8620,4378,45472,44675,28692,100.8,96.2,32.3451
2013-10-01,121.9,6.7,1136.8,100.57,105.1,6.06,6.48,6.81,7.19,7.35,9.66,28773.4597729856,522580,479451,466129,8727,4595,43129,43390,30648,105.5,104.8,32.0613
2013-11-01,110.3,7.6,1030.3,100.56,103.1,6.2,6.54,7.13,7.17,7.45,8.02,29094.4872351171,524284,480238,466937,8751,4551,44045,46669,29793,102.2,104,33.1916
2013-12-01,101.4,17.5,-848.2,100.51,108.3,6.4,6.55,6.89,7.73,8.61,8.57,29512.8930741463,515590,474950,461685,8734,4530,40640,49366,32481,103.4,140.8,32.7292
2014-01-01,102.1,4.8,745.2,100.59,77.8,6.06,6.73,7.02,7.14,7.61,8.12,29583.6622392264,509595,469605,456447,8762,4396,39990,39529,20977,99.5,47.6,35.2448
2014-02-01,102.3,4.2,206.3,100.7,101.5,5.99,6.45,7.12,7.41,7.99,7.59,29740.7835607432,498926,457211,444149,8730,4332,41715,36339,24089,99.4,132.8,36.0501
2014-03-01,102.5,5,528.4,101.02,109.2,7.85,8.24,8.49,8.59,8.44,9.36,30013.789436146,493326,448738,435565,8805,4368,44588,46944,27372,93.3,96.5,35.6871
2014-04-01,103.3,4.3,719.7,100.9,98.6,7.87,8.5,8.67,10.1,9.53,9.11,29387.4656851857,486131,442776,429689,8796,4291,43355,47522,27753,100.4,115.1,35.6983
2014-05-01,103.3,4.6,1052.6,100.9,98.2,8.21,8.65,9.11,9.64,10.32,8.67,29742.9328592984,472278,427975,414758,8820,4397,44303,43945,26159,106.4,91.9,34.7352
2014-06-01,102.8,6.8,1087.6,100.62,101.7,8.23,8.58,9.1,9.63,10.43,4.05,29865.8210761691,467227,423768,410866,8767,4136,43459,40600,26745,96.5,104.4,33.6306
2014-07-01,108.3,5.8,1387.8,100.49,101.2,8.17,8.83,8.94,9.91,10.12,9.54,29969.2591081961,478250,431958,418828,8798,4332,46292,46185,29153,102.9,101.4,35.7271
2014-08-01,104.6,5.7,1511.7,100.24,99.7,7.88,8.35,9.24,10.45,9.38,10.82,30260.5147571752,468762,422654,409647,8716,4291,46109,41413,25278,104.4,103.6,36.9316
2014-09-01,116.3,7.4,1542.3,100.65,103.6,7.95,8.42,8.96,10.19,10.73,11.22,30561.0274707219,465228,419239,406404,8642,4193,45990,38054,26037,100.4,92.6,39.3866
2014-10-01,88.1,7.9,1589.7,100.82,106.3,8.24,8.61,9.18,10.56,11.79,11.42,30752.8551551541,454240,409224,396792,8438,3994,45016,41502,26785,102.1,106.5,43.3943
2014-11-01,100.5,7.9,1548.2,101.28,99.3,10.21,10.51,10.94,11.49,12.29,13.32,30659.5792840269,428590,383283,370916,8414,3953,45307,36681,23072,96.5,98.3,49.322
2014-12-01,104,19.8,-845.6,102.62,112.4,15.47,16.73,16.68,16.87,15.22,16.95,30779.3634350113,418880,373658,361409,8334,3915,45222,38093,24457,92.4,134.8,56.2584
2015-01-01,102.2,6.2,-171.7,103.85,73.9,16.96,17.44,19.97,21.91,15.98,,30695.8271504675,385460,339371,327727,8246,3398,46089,27901,12156,98.5,50.7,68.9291
2015-02-01,102.6,6.1,-834.1,102.22,99.8,15.12,16.06,15.83,17.48,,,30885.4825037159,376208,327147,315816,8025,3306,49061,29401,15418,97.7,131.9,61.2718
2015-03-01,103.6,6.3,-447.3,101.21,112.5,14.9,15.51,15.96,15.81,,,31021.0506502016,360221,313431,302311,8011,3110,46790,32905,17082,97.9,96.7,58.4643
2015-04-01,102.7,5,-826.9,100.46,95.6,14.36,14.78,14.79,15.25,14.95,,30868.3058250682,356365,309093,298665,7852,2576,47272,30715,16170,97.7,114.8,51.7029
2015-05-01,102.1,4.7,-845.7,100.35,97.6,12.83,12.98,13.4,13.48,,,31483.9190016317,356005,307718,297086,8006,2626,48287,30654,15290,92.6,87.2,52.9716
2015-06-01,101,6.4,-882.8,100.19,103.2,12.5,12.62,12.87,13.46,,11.59,31691.7722656169,356770,308895,298384,7915,2596,47875,30088,16221,96.4,108.9,55.524
2015-07-01,97.4,5.5,-812.1,100.8,100.5,11.52,12.19,12.32,13.35,,12.89,31774.523228109,361571,313342,302728,8005,2609,48229,27322,16763,96.8,101.8,58.9906
2015-08-01,101.9,5.2,-851.7,100.35,101.4,10.86,11.39,11.36,13.89,,,32106.6375371951,357626,312663,302137,7939,2587,44963,25034,16232,95,101.6,66.4779
2015-09-01,103.1,7,-751.8,100.57,103.1,11.15,11.61,11.71,12.52,11.27,,32510.3836574489,366343,318661,307943,7991,2727,47683,26343,16831,95.3,92.9,66.2367
2015-10-01,107,7,-589.8,100.74,105,11.14,11.44,11.59,13.84,,,32473.504679426,371267,322375,311749,7991,2635,48892,26964,16917,93.5,104.4,64.3742
2015-11-01,101.7,7.8,-985.7,100.75,101.9,11.43,11.72,11.72,13.29,11.08,,32945.5870961751,369640,319061,308504,7952,2606,50578,25384,16434,93.9,98.7,66.2393
2015-12-01,103,18.1,-2819.5,100.77,109.1,11.07,11.78,11.42,12.8,,,33337.5074435191,364708,317028,306658,7811,2560,47680,28708,17505,105,150.7,72.8827
2016-01-01,103.3,5.5,557.6,100.96,75,11.02,11.69,11.65,12.68,,,34179.1151979718,368399,319836,309387,7888,2560,48563,17149,9844,94,45.4,75.1723
2016-02-01,103.8,4.7,-83.9,100.63,102.4,10.84,11.08,11.72,12.75,,,33846.83951477,371559,320180,309770,7859,2551,51379,20135,12861,96.3,135.1,75.0903
2016-03-01,103.6,5.4,-463,100.46,109.8,10.94,11.34,11.4,12.34,,,34102.5717312769,380544,323275,313465,6662,3149,57269,23185,15352,99.4,99.8,67.6076
2016-04-01,103.5,4.7,-699.4,100.44,96.1,10.73,10.9,11.46,12.15,11.21,10.65,34556.8528352737,387008,328871,318865,6795,3212,58137,21750,15113,93.4,107.9,64.3334
2016-05-01,103.4,4.4,-893.6,100.41,98.2,11.06,11.08,11.87,12.67,,10.68,34866.8474985826,391521,331015,320948,6836,3231,60506,22042,14437,94.9,88.6,66.0825
2016-06-01,102.9,6.8,-1061.4,100.36,104.8,10.64,10.84,11.34,11.72,,,35469.0898361396,387716,329786,319823,6766,3198,57930,24038,15982,95.6,109.6,64.2575
2016-07-01,107.4,5.7,-851.3,100.54,101.1,10.38,10.8,11.09,10.79,11.25,,35654.4740472688,392756,329259,319349,6746,3164,63497,22445,16144,91.9,98,67.0512
2016-08-01,105.7,5.6,-904,100.01,100.1,10.34,10.6,11.34,11.46,,,36090.0218222993,393912,329392,319520,6720,3152,64520,23105,18449,90,99.5,64.9072
2016-09-01,104.7,6.7,-1119,100.17,103.6,10.24,10.36,10.25,10.7,10.3,9.8,36325.3257948788,395198,330488,320610,6725,3154,64710,25369,17959,97.5,100.6,63.1581
2016-10-01,104.3,6.1,-1004.3,100.43,107.5,10.32,10.55,10.48,11.09,9.66,10.61,36624.6569316579,397743,332232,322354,6732,3146,65512,24751,18180,94.1,100.7,62.9037
2016-11-01,106.8,7.3,-1348.4,100.44,102.9,10.02,10.17,10.21,10.43,,,36890.9288428325,390741,326310,316586,6627,3097,64431,26532,17615,93.8,98.4,64.9449
2016-12-01,103.4,17.3,-3142.1,100.4,107.6,10.16,10.11,10.44,10.45,,10.71,37059.6412428453,385288,323631,314050,6530,3052,61657,31209,19557,92.7,148.9,60.6569
2017-01-01,101.5,4.3,295.9,100.62,76,10.11,10.2,10.23,10.32,,,37316.3622870233,377741,317548,308031,6486,3031,60194,25427,13618,110,53.9,60.1618
2017-02-01,101.1,3.9,22.9,100.22,96.7,10.14,10.24,10.23,10.82,,,37926.9384738683,390585,327650,318028,6557,3064,62936,25806,15476,96.9,119,57.9371
2017-03-01,102.1,4.9,144.1,100.13,113.9,9.9,9.97,10.2,10.58,9.55,10.46,38266.2418807237,397334,330472,320921,6532,3019,66863,31317,18995,96.8,99.7,56.3779
2017-04-01,101.7,4.2,-12.5,100.33,95.9,9.58,9.73,9.89,10.51,,10.32,38451.7438682353,397907,330337,320763,6548,3026,67570,26083,18258,92.9,103.6,56.9838
2017-05-01,101.2,4.3,163.8,100.37,101.7,9.13,9.09,9.29,8.17,,,38408.0248767447,400998,332345,322667,6619,3059,68653,28259,19628,100.3,95.6,56.5168
2017-06-01,99.6,6.4,64.5,100.61,101.3,9.11,8.94,9.26,8.75,,,39014.1004038475,405721,336426,326658,6681,3087,69295,29540,20783,100.5,109.9,59.0855
2017-07-01,98.2,5.4,388.4,100.07,98,8.95,9.03,8.92,8.72,,,39357.6833475871,412239,343469,333673,6719,3078,68770,24681,20847,96.7,94.2,59.5436
2017-08-01,106.1,6.3,400.7,99.46,103.8,8.54,8.77,8.68,8.79,,8.76,39366.3024537711,418447,348410,338578,6801,3031,70037,29079,22415,99.7,102.6,58.7306
2017-09-01,109.5,6.7,389.4,99.85,103.1,8.37,8.49,8.67,8.67,8.49,,39590.7455668982,423978,350478,340669,6824,2985,73500,30800,20559,99.8,100.7,58.0169
2017-10-01,98.4,6.9,697.2,100.2,104.2,8.04,8.28,8.49,8.28,7.95,,40089.360855079,424766,351163,341350,6827,2986,73603,31580,21504,98.5,99.4,57.8716
2017-11-01,102.1,7.1,370.3,100.22,101.1,8.01,8.07,8.09,8.32,8.78,8.53,40552.6923337177,424857,351152,341439,6789,2924,73705,33443,21897,100.4,100.3,58.3311
2017-12-01,104.1,18.8,-1349.1,100.42,107.4,7.73,7.68,7.75,7.52,7.9,8.05,40785.0151486129,431636,355518,345835,6837,2846,76118,37533,24146,98.1,145.4,57.6002
2018-01-01,102.3,5,416.5,100.31,79.3,7.09,7.11,7.68,7.2,,8.36,41213.3437962671,432742,356095,346507,6883,2706,76647,33647,16674,,,56.2914
2018-02-01,102.3,5.2,309.2,100.21,97.5,7.15,7.02,7.25,7.07,,,41530.3365926526,447735,367357,357558,7047,2752,80378,31336,19116,,,55.6717
2018-03-01,102.4,5.5,712.7,100.29,113.4,7.15,7.03,6.94,7.07,6.67,7.68,41825.421489546,453644,373062,363348,6987,2728,80582,36675,21649,,,57.2649
2018-04-01,102.3,4.5,799.1,100.38,96.9,7,6.75,6.93,7.22,,,42294.0819035089,457995,377513,367743,7030,2739,80482,35966,20972,,,61.9997
2018-05-01,102.2,3.5,1276.1,100.38,101.5,6.95,6.94,6.94,6.99,,,42853.3267761665,459884,378737,369075,6958,2704,81146,36491,21319,,,62.5937
2018-06-01,100.8,5.3,1514.7,100.49,99.8,7.02,7.12,6.98,7.18,,,43030.3193250644,456640,376129,366620,6848,2661,80511,36268,21083,,,62.7565
2018-07-01,101.7,5,2456.8,100.27,99.7,7.09,7.05,7.06,7.1,,7.16,43782.9834948476,456749,378582,368668,6805,3109,78167,34355,21233,,,62.7805
2018-08-01,89.4,5.2,2999.3,100.01,102.7,7.03,7.11,6.87,7.6,,,44029.725863555,458032,380621,370736,6802,3083,77411,37470,21655,,,68.0821
2018-09-01,95.3,6.3,3434.1,100.16,102.5,7.15,7.17,6.77,8.2,,8.23,44571.4551188079,460615,383350,373501,6778,3071,77265,38642,19810,,,65.5906
2018-10-01,112.1,5.9,4366.1,100.35,105.8,7.27,7.3,7.4,8.1,8.42,8.69,44832.7713183139,459163,381672,371858,6754,3060,77491,41366,21512,,,65.7742
2018-11-01,93.9,6.8,4625.5,100.5,99.8,7.25,7.35,7.26,8.26,,,45179.1999754643,459563,378508,368609,6696,3203,81055,40287,21252,,,66.6342
2018-12-01,99.9,17.1,,100.84,107,7.49,7.53,7.64,8.72,,,45629.3640914097,462104,379179,369283,6694,3202,82925,40567,22347,,,69.4706
2019-01-01,,,,101.01,78.5,7.65,7.69,7.23,8.73,,,45724.3669090614,468495,381592,371733,6737,3122,86903,30142,16495,,,66.0987
2019-02-01,,,,100.44,100.4,7.59,7.6,7.3,8.49,8.65,,45672.5130146777,475945,386485,376601,6792,3093,89460,34043,18372,,,65.757
2019-03-01,,,,100.32,110.3,7.68,7.61,7.08,8.39,,8.02,45978.9113760187,482610,390969,380767,6770,3431,91641,,,,,64.7347
2019-04-01,,,,,,7.75,7.52,7.14,8.38,,,46066.0675285471,487803,397792,387653,6730,3409,90011,,,,,64.6917
2019-05-01,,,,,,,,,,,,,491088,401080,390579,6724,3777,90008,,,,,65.3001
