date,agriculture,construction,budget,exch_rate,cpi,ind_prod,dur_1_day,dur_2_7_days,dur_8_30_days,dur_31_90_days,dur_91_180_days,dur_181_plus_days,m2sa,in_res,nfa_cb,for_cur,sdr,mvf_pos,mon_gold,import,export,percent_to_period_last_year,percent_to_last_period
1991-01-01,,,,,106.2,,,,,,,,,,,,,,,,,,
1991-02-01,,,,,104.8,,,,,,,,,,,,,,,,,,
1991-03-01,,,,,106.3,,,,,,,,,,,,,,,,,,
1991-04-01,,,,,163.5,,,,,,,,,,,,,,,,,,
1991-05-01,,,,,103,,,,,,,,,,,,,,,,,,
1991-06-01,,,,,101.2,,,,,,,,,,,,,,,,,,
1991-07-01,,,,,100.6,,,,,,,,,,,,,,,,,,
1991-08-01,,,,,100.5,,,,,,,,,,,,,,,,,,
1991-09-01,,,,,101.1,,,,,,,,,,,,,,,,,,
1991-10-01,,,,,103.5,,,,,,,,,,,,,,,,,,
1991-11-01,,,,,108.9,,,,,,,,,,,,,,,,,,
1991-12-01,,,,,112.1,,,,,,,,,,,,,,,,,,
1992-01-01,,,,,345.3,,,,,,,,,,,,,,,,,,
1992-02-01,,,,,138,,,,,,,,,,,,,,,,,,
1992-03-01,,,,,129.9,,,,,,,,,,,,,,,,,,
1992-04-01,,,,,121.7,,,,,,,,,,,,,,,,,,
1992-05-01,,,,,111.9,,,,,,,,,,,,,,,,,,
1992-06-01,,,,,119.1,,,,,,,,,,,,,,,,,,
1992-07-01,,,,161.2,110.6,,,,,,,,,,,,,,,,,,
1992-08-01,,,,205,108.6,,,,,,,,,,,,,,,,,,
1992-09-01,,,,254,111.5,,,,,,,,,,,,,,,,,,
1992-10-01,,,,398,122.9,,,,,,,,,,,,,,,,,,
1992-11-01,,,,447,126.1,,,,,,,,,,,,,,,,,,
1992-12-01,,,,414.5,125.2,,,,,,,,,,,,,,,,,,
1993-01-01,,,,572,125.8,,,,,,,,,4532,1954,1953,1,1,2578,,,,
1993-02-01,,,,593,124.7,,,,,,,,,,,,,,,,,,
1993-03-01,,,,684,120.1,,,,,,,,,,,,,,,,,,
1993-04-01,,,,823,118.7,,,,,,,,,5378,2798,2796,0,1,2580,,,,
1993-05-01,,,,994,118.1,,,,,,,,,,,,,,,,,,
1993-06-01,,,,1060,119.9,,,,,,,,,,,,,,,,,,
1993-07-01,,,,989.5,122.39,,,,,,,,,7141,4396,4394,1,1,2745,,,,
1993-08-01,,,,985,126,,,,,,,,,,,,,,,,,,
1993-09-01,,,,1201,123,,,,,,,,,,,,,,,,,,
1993-10-01,,,,1186,119.5,,,,,,,,,9112,6157,6117,38,1,2955,,,,
1993-11-01,,,,1214,116.39,,,,,,,,,,,,,,,,,,
1993-12-01,,,,1247,112.5,,,,,,,,,,,,,,,,,,
1994-01-01,,,,1542,117.9,,,,,,,,,8894,5835,5829,5,1,3059,,,,
1994-02-01,,,,1657,110.82,,,,,,,,,,,,,,,,,,
1994-03-01,,,,1753,107.41,,,,,,,,,,,,,,,,,,
1994-04-01,,,,1820,108.49,,,,,,,,,7642,4602,4599,2,1,3040,,,,
1994-05-01,,,,1901,106.91,,,,,,,,,,,,,,,,,,
1994-06-01,,,,1985,106,,,,,,,,,,,,,,,,,,
1994-07-01,,,,2052,105.33,,,,,,,,,10511,8048,7159,888,2,2463,,,,
1994-08-01,,,,2153,104.62,,,,,,,,,,,,,,,,,,
1994-09-01,,,,2596,107.96,,,,,,,,,,,,,,,,,,
1994-10-01,,,,3055,115,,,,,,,,,6745,4161,3834,326,1,2584,,,,
1994-11-01,,,,3232,114.61,,,,,,,,,,,,,,,,,,
1994-12-01,,,,3550,116.44,,,,,,,,,,,,,,,,,,
1995-01-01,,,,4004,117.77,,,,,,,,,6506,3980,3976,3,1,2525,,,,
1995-02-01,,,,4407,111.02,,,,,,,,,,,,,,,,,,
1995-03-01,,,,4897,108.94,,,,,,,,,,,,,,,,,,
1995-04-01,,,,5100,108.47,,,,,,,,,6552,4148,4145,2,1,2404,,,,
1995-05-01,,,,4995,107.93,,,,,,,,,,,,,,,,,,
1995-06-01,,,,4538,106.66,,,,,,,,,,,,,,,,,,
1995-07-01,,,,4415,105.38,,,,,,,,152.420069175687,12413,10086,9857,227,1,2327,,,,
1995-08-01,,,,4435,104.56,,,,,,,,162.905093876241,,,,,,,,,,
1995-09-01,,,,4508,104.46,,,,,,,,173.990135577494,,,,,,,,,,
1995-10-01,,,,4504,104.72,,,,,,,,183.802144313338,13622,11154,11022,132,1,2467,,,,
1995-11-01,,,,4578,104.56,,,,,,,,190.119262228111,,,,,,,,,,
1995-12-01,,,,4640,103.2,,,,,,,,200.391839235142,,,,,,,,,,
1996-01-01,,,,4732,104.11,,,,,,,,211.458974035464,17207,14383,14265,117,1,2824,,,,
1996-02-01,,,,4815,102.79,,,,,,,,220.157104760046,,,,,,,,,,
1996-03-01,,,,4854,102.8,,,,,,,,229.802585092863,,,,,,,,,,
1996-04-01,,,,4932,102.16,,,,,,,,242.987315773305,19248,16331,16074,256,1,2917,,,,
1996-05-01,,,,5014,101.6,,,,,,,,247.792804998983,,,,,,,,,,
1996-06-01,,,,5108,101.17,,,,,,,,252.145125350695,,,,,,,,,,
1996-07-01,,,,5191,100.72,,,,,,,,259.821433745998,15877,12792,12652,139,1,3085,,,,
1996-08-01,,,,5345,99.79,,,,,,,,268.463396996085,,,,,,,,,,
1996-09-01,,,,5396,100.33,,,,,,,,275.689683377745,,,,,,,,,,
1996-10-01,,,,5455,101.2,,,,,,,,282.341857125756,15075,11399,11392,5,1,3677,,,,
1996-11-01,,,,5511,101.88,,,,,,,,287.429919700767,,,,,,,,,,
1996-12-01,,,,5560,101.42,,,,,,,,289.659328967541,,,,,,,,,,
1997-01-01,,,,5629,102.34,,,,,,,,276.038313753037,15324,11276,11271,5,1,4047,6654,4704,,
1997-02-01,,,,5676,101.54,,,,,,,,294.533067468091,13993,9930,9924,4,1,4064,6433,4939,,
1997-03-01,,,,5726,101.43,,,,,,,,300.578025715205,15208,11127,11117,9,1,4081,7043,5522,,
1997-04-01,,,,5762,100.96,,,,,,,,307.707756854762,16495,12429,12427,1,1,4066,6743,6043,,
1997-05-01,,,,5773,100.94,,,,,,,,314.495957211711,18184,14068,14066,1,1,4117,6515,5391,,
1997-06-01,,,,5782,101.1,,,,,,,,325.775974571809,20016,15884,15798,85,1,4132,6730,5674,,
1997-07-01,,,,5798,100.93,,,,,,,,342.758784034035,24549,20396,20389,5,1,4153,7423,6319,,
1997-08-01,,,,5830,99.86,,,,,,,,358.493079091593,24456,20186,20180,5,1,4270,6874,5996,,
1997-09-01,,,,5860,99.7,,,,,,,,365.183419026178,23920,19604,19603,0,1,4316,6993,6077,,
1997-10-01,,,,5887,100.17,,,,,,,,370.641394162393,23105,18737,18733,3,1,4368,7763,6672,,
1997-11-01,,,,5919,100.61,,,,,,,,379.230575043518,22916,18448,18443,3,1,4468,8063,6340,,
1997-12-01,,,,5960,100.96,,,,,,,,365.553420916528,16810,12201,12199,1,1,4608,8711,8112,,
1998-01-01,,,,6.026,101.51,,,,,,,,357.9380483808,17784,12895,12771,122,1,4889,5662,5603,,
1998-02-01,,,,6.072,100.89,,,,,,,,370.945942783151,15375,10480,10477,1,1,4895,5638,5841,,
1998-03-01,,,,6.106,100.64,,,,,,,,369.080837096952,15034,10212,10208,3,1,4822,6510,6320,,
1998-04-01,,,,6.133,100.38,,,,,,,,367.573258833605,16859,11910,11906,3,1,4948,6066,6010,,
1998-05-01,,,,6.164,100.5,,,,,,,,370.171245399977,15953,10957,10952,3,1,4996,5962,5612,,
1998-06-01,,,,6.198,100.08,,,,,,,,372.82668054173,14627,9625,9621,3,1,5002,6339,5633,,
1998-07-01,,,,6.238,100.17,,,,,,,,364.993616924521,16169,11161,10906,253,1,5008,6597,5449,,
1998-08-01,,,,7.905,103.67,,,,,,,,360.853502094281,18409,13805,13791,13,1,4604,6118,4865,,
1998-09-01,,,,16.0645,138.43,,,,,,,,350.880827847243,12459,8198,8196,0,1,4262,6284,2995,,
1998-10-01,,,,16.01,104.54,,,,,,,,380.898178364126,12709,8840,8839,0,1,3869,5825,2872,,
1998-11-01,,,,17.88,105.67,,,,,,,,396.533632398611,13572,9656,9590,64,1,3916,5707,2895,,
1998-12-01,,,,20.65,111.61,,,,,,,,415.378611244542,12480,8175,8172,1,1,4306,7034,3443,,
1999-01-01,96.5,0.7,3.4,22.6,108.38,,,,,,,,433.386309150668,12223,7801,7800,0,1,4422,4154,2525,,
1999-02-01,97.2,0.9,-3.8,22.86,104.13,,,,,,,,458.657648503508,11621,7078,7014,63,1,4543,4536,2773,,
1999-03-01,97.7,2.5,-17.1,24.18,102.79,,,,,,,,475.750283709935,11437,7284,7281,2,1,4153,5367,3259,,
1999-04-01,99.1,1,-21.5,24.23,103.03,,,,,,,,487.10993803388,10765,6679,6676,1,1,4086,6017,3092,,
1999-05-01,100.1,1.1,-30.9,24.44,102.22,,,,,,,,517.39640938453,11168,7074,7011,62,1,4094,4711,2723,,
1999-06-01,100.3,3.4,-38.2,24.22,101.91,,,,,,,,549.627362520715,11937,8034,8032,0,1,3903,4953,3776,,
1999-07-01,106.2,1.2,-37.9,24.19,102.82,,,,,,,,567.485495156956,12152,8189,8187,1,1,3964,5761,3044,,
1999-08-01,104.9,1.3,-36.2,24.75,101.16,,,,,,,,588.324875513125,11921,7827,7184,642,1,4094,5655,2926,,
1999-09-01,106,3.4,-36.5,25.08,101.48,,,,,,,,606.013891856895,11231,6824,6663,160,1,4407,5904,2949,,
1999-10-01,109.7,1.6,-29.7,26.05,101.37,,,,,,,,620.465698519101,11212,6634,6632,0,1,4579,6483,3179,,
1999-11-01,106.9,2.2,-9.9,26.42,101.23,,,,,,,,652.985866448825,11752,7081,7080,0,1,4671,7071,3260,,
1999-12-01,103,12.7,-44.4,27,101.26,,,,,,,,674.351817436974,11504,7599,7597,1,1,3906,9044,3757,,
2000-01-01,102.6,0.9,19.1,28.55,102.33,,,,,,,,681.328235649618,12456,8457,8455,1,1,3998,6483,2719,,
2000-02-01,104.2,1.1,32.6,28.66,101.04,,,,,,,,723.273749449817,12948,8912,8911,1,1,4035,7574,3208,,
2000-03-01,104.6,2.1,36.3,28.46,100.64,,,,,,,,751.971321418513,13657,9606,9605,0,1,4051,8713,3421,,
2000-04-01,101.6,1.2,65,28.4,100.89,,,,,,,,777.77611297153,15532,11456,11455,0,1,4076,7761,3154,,
2000-05-01,101.6,1.4,108.2,28.25,101.75,,,,,,,,803.465500816715,17091,13410,13408,0,1,3682,7959,3165,,
2000-06-01,101.6,3.1,126.9,28.07,102.55,,,,,,,,844.12437897024,19570,15878,15876,1,1,3692,8206,3343,,
2000-07-01,104.7,1.3,150.5,27.8,101.79,,,,,,,,884.867261643943,20996,17685,17682,2,1,3312,8069,3373,,
2000-08-01,118.6,1.4,174,27.75,100.98,,4.45,7.98,8.89,11.07,14.83,26,938.603803318997,23302,19955,19954,0,1,3347,8569,3535,,
2000-09-01,106.7,3.2,191.1,27.75,101.32,,3.18,6.86,8.29,15.5,22.5,31,976.930947447991,23731,20289,20287,1,1,3442,8431,3510,,
2000-10-01,103.9,1.6,214.4,27.83,102.11,,4.97,6.71,9.54,11.62,22,26,1018.97543752803,25007,21474,21472,1,1,3533,8403,3921,,
2000-11-01,102.6,2,248.7,27.85,101.52,,7.94,7.57,11.48,11.63,18.2,17,1035.54242707243,25880,22290,22288,1,1,3590,9499,4131,,
2000-12-01,99.3,11,137.6,28.16,101.64,,8.44,11.11,13.27,14.78,17.5,15.4,1070.32179329438,27667,24035,24033,1,1,3632,9553,4651,,
2001-01-01,101.7,1,53.2,28.37,102.76,,5.23,7.36,10.83,13.44,5.83,18.25,1094.96565146231,27972,24264,24263,1,1,3708,7930,3048,,
2001-02-01,101.1,0.9,49.5,28.72,102.28,,12.01,8.64,14.08,16.08,24.38,21.2,1112.47232673785,29638,25888,25887,1,1,3749,7821,3528,,
2001-03-01,101.6,2.1,69.9,28.74,101.86,,8.45,10.3,13.8,12.85,23.83,21.12,1136.80304473657,28345,24591,24586,3,1,3754,8493,4058,,
2001-04-01,102.7,1.2,119.8,28.83,101.79,,9.52,12.12,14.17,15.78,22.34,11.71,1174.55054799274,29709,25942,25938,3,1,3767,8036,4170,,
2001-05-01,103.4,1.3,177.7,29.09,101.78,,6.67,9.05,11.94,13.43,17.74,11.6,1224.56942321104,31650,27868,27864,3,1,3782,8104,4375,,
2001-06-01,102.8,3.2,179,29.07,101.62,,12.56,12.1,14.49,18.5,17.75,20.25,1235.12211305635,33550,29749,29742,5,1,3801,8703,4472,,
2001-07-01,115.4,1.4,167.8,29.27,100.45,,6.35,9.42,11.95,13.17,23.11,22.08,1271.3053176762,35053,31251,31234,16,1,3801,7652,4217,,
2001-08-01,118.2,1.6,230.6,29.37,100.01,,7.2,8.83,12.01,15.36,21.32,22.52,1321.84563997657,36502,32694,32677,17,1,3807,8557,4388,,
2001-09-01,103.7,3.6,225.8,29.39,100.6,,8.45,10.59,13,13.6,28,24.97,1373.08420364157,37493,33686,33682,3,1,3807,8045,4000,,
2001-10-01,101.1,2.1,262.7,29.7,101.09,,7.13,8.72,13.68,14.49,26.5,19.03,1430.98018552595,37957,34044,34040,3,1,3913,7544,4630,,
2001-11-01,106.5,2.6,312.2,29.9,101.36,,13.77,14.16,14.5,15.07,22.35,18,1476.60496955613,38002,34016,34012,3,1,3986,7900,4884,,
2001-12-01,104.8,10.7,264.3,30.14,101.6,,24.5,25.02,22.52,20.8,19.73,18.11,1469.70001071741,37288,33277,33273,3,1,4011,7770,5549,,
2002-01-01,103.2,1.3,105,30.685,103.09,,9.57,10.05,15.67,14.95,20.71,18,1529.5772703454,36622,32542,32538,3,1,4080,6383,3515,,
2002-02-01,104.8,1.2,111.2,30.9274,101.16,,12.71,12.09,15,14.77,20.6,18,1543.11853789392,36408,32317,32312,3,1,4091,6331,3818,,
2002-03-01,105.6,2.3,122.7,31.1192,101.08,,12.52,13.23,15.2,17.42,21.94,17.69,1560.22264738981,36860,32768,32763,4,1,4092,8051,4450,,
2002-04-01,104.3,1.5,162.7,31.1963,101.16,,9.28,11.29,14.42,15.51,20.58,18.75,1592.23901591854,37295,33179,33174,4,1,4116,8994,4903,,
2002-05-01,102.6,1.5,204.5,31.3071,101.69,,5.12,8.42,13.54,13.14,21.59,20.54,1636.93154006206,39155,35024,35019,4,1,4131,8108,4480,,
2002-06-01,101.1,3.4,184.6,31.4471,100.53,,6.21,9.4,12.44,11.82,20.46,20,1692.85085783237,42227,38496,38489,5,1,3731,7783,4735,,
2002-07-01,103.5,1.7,239,31.4401,100.72,,12.88,11.2,14.08,13.68,19.71,21,1721.71113770105,43579,39848,39838,8,2,3731,8844,5250,,
2002-08-01,96.2,1.9,250.5,31.5673,100.09,,4.83,8.29,11.99,11.91,19.09,19.75,1771.61814376356,43294,39564,39554,8,2,3731,9490,4937,,
2002-09-01,95,3.7,264.3,31.6358,100.4,,6.01,8.04,10.48,12.78,19.46,,1822.51441562055,44327,40596,40587,8,2,3731,9258,4936,,
2002-10-01,109.4,2.3,241.2,31.7408,101.07,,6.4,7.16,11.08,11.71,20.15,18.19,1865.67552876767,45619,41887,41878,8,2,3732,9457,5637,,
2002-11-01,109.9,2.9,233.7,31.8424,101.61,,4.14,9.75,11.1,15.2,19.12,18.24,1937.70212517121,46767,43034,43025,8,2,3733,8823,5512,,
2002-12-01,99.2,10.1,97,31.7844,101.54,,5.11,7.55,12.81,14.55,17.83,17.66,1976.78953466158,48205,44470,44467,1,2,3735,10546,6248,,
2003-01-01,99.7,1.7,95.7,31.8222,102.4,,6.46,7.33,10.6,13.66,20.66,17.97,2023.24655278457,47793,44054,44051,1,2,3739,9184,4554,,
2003-02-01,99.8,1.5,89.2,31.5762,101.63,,2.51,4.65,8.29,14.65,17.44,17.58,2073.84707138227,49274,45534,45531,1,2,3740,9409,5018,,
2003-03-01,99,2.4,105.5,31.3805,101.05,,2.63,4.1,4.56,5.77,12.62,17.22,2152.08611408419,53061,49326,49324,0,2,3735,11064,5804,,
2003-04-01,98.5,1.7,172.1,31.1,101.02,,1.89,2.88,3.93,6.04,11.55,16.08,2238.83385955147,55525,51790,51788,0,2,3735,9528,5977,,
2003-05-01,97.4,1.7,228.8,30.709,100.8,,1.31,2.82,3.22,4.58,15.63,17.3,2333.68414772413,59847,56111,56072,37,2,3736,9793,5713,,
2003-06-01,95.9,3.7,214.3,30.3483,100.8,,1.36,2.12,3.64,6.54,11.98,13.37,2438.909981936,64882,61144,61141,2,2,3738,10422,5852,,
2003-07-01,91.6,2,258.4,30.2596,100.71,,3.62,4.05,4.02,5.47,12.35,14.23,2553.30296387057,64430,60691,60681,8,2,3739,10867,6436,,
2003-08-01,90,1.9,261.4,30.5036,99.59,,3.81,4.61,4.52,5.97,11.25,10.94,2616.27570734689,64454,60710,60672,36,2,3744,11428,6101,,
2003-09-01,109,3.7,260.7,30.6119,100.34,,9.78,9.4,8.06,9.13,11.1,12.52,2695.66080993645,62752,59011,59005,4,2,3741,11026,6218,,
2003-10-01,111.3,2.5,324.7,29.8584,101,,4.79,6.03,6.38,7.8,11.33,12.34,2752.52046473702,62073,58330,58324,4,2,3743,12032,6830,,
2003-11-01,102.8,2.6,342.7,29.7387,100.96,,3.33,3.26,4.41,8.81,13.65,14.9,2814.10317849249,64928,61183,61152,29,2,3744,10982,6548,,
2003-12-01,99,11,173.8,29.4545,101.1,,1.39,2.52,5.01,6.74,11.41,13.21,2891.63372668757,68169,64415,64412,1,2,3754,13325,8163,,
2004-01-01,99,1.8,126,28.4937,101.75,,1.09,1.55,3.82,5.9,6.08,12.48,3042.29115712317,76938,73175,73172,1,2,3763,10875,5363,,
2004-02-01,99,1.7,120.1,28.5156,100.99,,1.18,2.01,3.04,5.06,8.05,12.35,3259.2674417293,83990,80226,80224,0,2,3763,11673,6334,,
2004-03-01,99,2.5,155.4,28.4853,100.75,,1.67,2.49,3.03,3.92,6.94,12.48,3380.35940707307,86318,82558,82555,1,2,3760,13487,7506,,
2004-04-01,99.6,1.8,267,28.8834,100.99,,5.86,5.21,5.85,6.9,10.14,10.6,3431.97433457191,83398,79639,79636,1,2,3760,14201,7473,,
2004-05-01,99.5,1.8,358.4,28.985,100.74,,10.08,9.49,8.49,8.31,10.04,11.91,3483.76661288453,82664,78904,78877,25,2,3760,13147,7122,,
2004-06-01,99.7,3.6,412,29.0274,100.78,,6.41,6.25,7.38,9.23,12.71,15.04,3502.45863339401,85612,81849,81847,0,2,3763,14351,7638,,
2004-07-01,113.3,2.2,539.9,29.1019,100.92,,3.73,4.14,5.41,10.11,12.69,13.5,3576.4056038349,88226,84462,84460,0,2,3763,15083,8078,,
2004-08-01,109.8,2.4,614.2,29.2447,100.42,,3.79,4.68,6.59,7.96,10.92,12.52,3604.91962811811,88610,84857,84825,30,2,3753,16371,8051,,
2004-09-01,97.1,3.9,710.3,29.2171,100.43,,2.91,3.19,4.29,8.52,11.32,12.58,3654.73217804849,88702,84948,84945,0,3,3754,15899,8026,,
2004-10-01,101.6,2.8,832.6,28.7655,101.14,,1.17,1.56,3.51,6.66,9.69,10.65,3726.80104616447,95082,91329,91326,0,3,3754,16732,8641,,
2004-11-01,104.4,3.4,938.4,28.2367,101.11,,1.09,1.77,3.74,7.53,10.78,11.99,3881.00867694635,107338,103607,103603,1,3,3730,17317,9155,,
2004-12-01,100.2,13.1,760.2,27.7487,101.14,,1.12,1.76,3.73,6.24,11.49,12.27,4018.49727323413,117434,113703,113699,1,3,3731,18724,10857,,
2005-01-01,99.4,2.1,343.5,28.0845,102.62,,1.03,1.53,3.15,6.11,11.44,12.59,4133.01146753307,124541,120809,120805,1,3,3732,13675,6934,,
2005-02-01,99.1,1.8,459.3,27.7738,101.23,,1.03,1.65,3.18,6.02,9.14,10.75,4237.80137908441,124927,121199,121166,30,3,3728,15867,8346,,
2005-03-01,100,2.7,655.4,27.8256,101.34,,0.92,1.74,2.69,4.39,6.75,12.43,4366.26016967487,134153,130426,130421,2,3,3727,19549,10020,,
2005-04-01,100.1,1.9,786.2,27.7726,101.12,,1.38,1.79,3.07,4.16,7.78,7.64,4479.34857541714,137381,133651,133646,2,3,3730,19515,9531,,
2005-05-01,100.7,1.9,919.5,28.0919,100.8,,2.85,3.05,3.5,4.15,8.5,9.33,4589.76558312335,144255,140524,140519,2,3,3731,20047,9451,,
2005-06-01,100.3,3.9,1070.7,28.6721,100.64,,3.94,3.77,4.29,5.26,6.15,9.38,4659.59700268923,147360,143628,143623,2,3,3731,19131,9898,,
2005-07-01,103.9,1.9,1208.3,28.6341,100.46,,3.42,3.88,4.23,5.08,6,9.75,4791.92523502573,151578,147777,147768,6,3,3802,21191,10722,,
2005-08-01,102.1,2.6,1356.1,28.545,99.86,,2.48,2.88,3.53,4.84,6.93,10.31,4955.22613995773,144624,140896,140842,6,48,3729,21378,10644,,
2005-09-01,103.3,4.4,1325.9,28.4989,100.25,,1.37,1.87,3.65,4.1,5.56,8.29,5131.82557762713,149754,146026,145972,6,48,3729,21402,10719,,
2005-10-01,98.2,2.8,1671.1,28.4244,100.55,,2.82,2.84,3.5,4.49,6.3,8.25,5285.4605801389,159560,155831,155777,6,48,3730,21831,11456,,
2005-11-01,101.7,3.6,1900.8,28.7312,100.74,,5.74,5.79,5.56,6.62,6.75,10,5439.34881539657,164971,161242,161113,6,123,3730,21792,12294,,
2005-12-01,105.5,14,1759,28.7825,100.82,,4.68,4.99,5.84,7.33,7.59,9,5552.27559473989,168396,164666,164539,6,121,3730,24647,13825,,
2006-01-01,101.6,1.8,298.9,28.1207,102.43,,2.93,3.14,3.7,6.74,6.63,7,5726.05195749903,182240,175892,175690,6,196,6349,20524,8311,,
2006-02-01,101.2,1.5,448.4,28.1223,101.66,,2.81,2.89,4,6.54,8.6,5.63,5883.98827557045,188451,181401,181197,6,198,7050,21449,10080,,
2006-03-01,101.7,3,715.3,27.7626,100.82,,3.03,3.25,3.66,5.38,8.07,8.5,5977.63347103652,195931,189050,188847,6,197,6881,24439,12353,,
2006-04-01,101.6,2.2,850.6,27.2739,100.35,,3.48,3.95,4.08,4.33,6.3,9.5,6155.20991664593,205881,198676,198472,6,198,7205,23652,11359,,
2006-05-01,101.2,2.2,1194.8,26.984,100.48,,2.21,2.67,3.1,4,6.13,11.5,6348.82038179627,226413,218521,218312,7,202,7892,26770,12921,,
2006-06-01,101,5,1402.7,27.0789,100.28,,2.69,3,3.78,3.49,8.79,7.79,6632.75607603228,247343,239271,239059,7,205,8072,25137,14477,,
2006-07-01,99.4,2.1,1654.4,26.8718,100.67,,2.08,2.59,3.33,4.52,7.99,10,6893.6372823303,250561,243174,242939,7,228,7386,25482,13479,,
2006-08-01,97.5,3,1977.5,26.7379,100.19,,2.33,2.74,3,3.86,8.01,6.4,7188.98115320745,265699,257859,257623,7,229,7840,27853,14240,,
2006-09-01,104.1,5.1,2131,26.7799,100.09,,3.35,3.57,4.03,4.15,10.65,,7446.1256311406,259862,252184,251947,7,230,7677,25392,14342,,
2006-10-01,108.6,3.5,2424.1,26.7477,100.28,,4.26,4.57,4.49,5.07,5.31,8.57,7744.5006830464,266197,258705,258470,7,228,7492,24049,15821,,
2006-11-01,113.6,4.6,2626.7,26.3147,100.63,,6.39,6.28,6.31,6.37,6.99,7.38,7962.79551836308,272543,264956,264721,7,228,7586,24382,16180,,
2006-12-01,105.9,16.6,2250.6,26.3311,100.79,,4.9,5.23,5.67,5.95,8.05,8.23,8182.54979606447,289042,280970,280730,7,233,8072,28354,19625,,
2007-01-01,102.6,2.9,371.2,26.5331,101.68,,3.21,3.76,4.42,5.05,9.09,9.5,8516.27854324459,303732,295567,295277,7,283,8164,21287,11655,,
2007-02-01,102.6,2.5,508.4,26.1599,101.11,,3.63,3.77,4.39,6.3,7.46,5.65,8735.09309711577,303886,295562,295274,7,281,8325,22945,14073,,
2007-03-01,104.4,4,775.6,26.0113,100.59,,4.92,5.06,5.44,5.55,7.12,7.73,8970.44870312853,314534,305869,305579,7,283,8665,25945,16884,,
2007-04-01,104.2,2.9,923.5,25.6851,100.57,,3.39,4.01,4.4,4.8,6.31,10.55,9376.8101361655,338830,330334,330043,7,285,8496,26994,16694,,
2007-05-01,104.2,2.8,1241.2,25.9031,100.63,,3.31,3.69,4.01,5.04,5.69,9.28,9985.20414912457,369117,360410,360116,7,287,8707,28681,17453,,
2007-06-01,104.4,6,1464.5,25.8162,100.95,,3.36,3.84,4.1,4.5,5.49,8.92,10613.8807356648,403207,394749,394384,7,357,8458,26194,18541,,
2007-07-01,104.5,3.1,1819.9,25.5999,100.87,,3.39,3.88,3.86,3.89,6.85,8.45,10608.1058310278,405840,397398,397033,7,358,8442,29083,19332,,
2007-08-01,105.8,3.7,2120,25.6494,100.09,,5.22,5.61,5.7,5.75,6.39,8.28,10896.2128492653,416167,407495,407132,1,362,8672,30318,19995,,
2007-09-01,100.3,6,2182.6,24.9493,100.79,,6.17,6.88,7.19,6.98,7.92,6.35,11184.0210495623,416040,407111,406748,1,363,8929,27680,18693,,
2007-10-01,102.8,4.1,2965.8,24.7238,101.64,,5.83,6.76,7.75,7.86,7.24,10.26,11506.974521587,425378,415264,414895,1,368,10114,34437,22225,,
2007-11-01,102.9,5.9,2523.1,24.3506,101.23,,6.34,6.82,8.18,7.54,7.84,10.14,11707.7940809711,446961,436007,435634,1,372,10954,35197,22610,,
2007-12-01,104,17.3,1989.7,24.5462,101.13,,4.08,5.08,6.24,6.9,9.27,12.8,12064.4211851489,463528,452162,451785,1,376,11366,37769,24928,,
2008-01-01,104.3,3.2,561,24.4764,102.31,,2.62,3.42,5.17,5.57,6.26,6.35,12213.5936487727,478762,466750,466376,1,374,12012,33870,15558,108.3,50.6
2008-02-01,105.9,2.6,694.1,24.1159,101.2,,4.31,4.68,5.92,6.8,9.09,7.25,12559.3302175647,488368,475072,474694,1,377,13296,35095,20977,110.7,125.4
2008-03-01,106,4.4,998.4,23.5156,101.2,,4.36,5.22,6.47,7.15,8.19,7.75,12764.0652860419,494932,481011,480629,1,381,13921,39407,23238,104.7,100.2
2008-04-01,106.6,3,1793,23.6471,101.42,,4.17,4.81,6.32,6.66,7.99,10.57,12950.3676451621,512584,498890,498499,1,389,13694,40525,25211,110.1,110.2
2008-05-01,106.8,2.9,2053.4,23.7384,101.35,,3.71,4.37,6.46,6.35,7.88,7.5,12962.0293552365,532474,519758,519372,1,384,12716,42478,24286,104.2,94.7
2008-06-01,107.3,5.6,2028.1,23.4573,100.97,,3.64,4.38,6.01,7.28,7.21,11.07,13233.3918884348,546035,533109,532725,1,384,12926,43024,25311,104.1,105
2008-07-01,111.1,3.9,3073.8,23.4456,100.51,,4.19,4.74,6.12,6.33,7.78,12.75,13603.5534136239,568966,555182,554794,1,387,13785,46546,28686,106.3,102.5
2008-08-01,116.8,3.8,3305.6,24.5769,100.36,,5.9,6.35,7.53,8.15,9.81,10.6,13879.7859834272,596566,582679,582294,1,384,13887,44952,27130,108.6,102.6
2008-09-01,111.2,5.8,3437.4,25.2464,100.8,,7.44,8.21,9.54,10.69,9.29,8,14286.0936531067,582212,569123,568750,1,372,13089,42974,27230,99.9,92.6
2008-10-01,117.5,4.7,3834.6,26.543,100.91,,7.78,10.83,12.38,13.23,8.98,,14134.3326670449,556813,542839,542470,1,369,13974,38383,26711,99.4,99.6
2008-11-01,115.5,5.8,3380,27.606,100.83,,8.98,13.39,16.55,22.54,13.58,18,13558.4721802345,484590,472005,471652,1,353,12585,29353,21076,95.4,102.7
2008-12-01,104.5,18.4,2012.1,29.3804,100.69,,8.89,11.07,19.07,21.26,17,,13169.5666777272,455730,442391,441373,1,1018,13339,29692,23258,89.3,128.6
2009-01-01,102.3,3.1,582.9,35.4146,102.37,,16.93,18.3,23.37,27.48,21.95,28,12311.9184793539,426281,411748,410695,1,1051,14533,18868,10280,95.9,54.4
2009-02-01,101.8,2.8,317.4,35.7205,101.65,,9.26,11.96,19.36,21.19,14,7.33,11438.9049573936,386892,371426,370407,1,1018,15466,17419,13210,102.6,134.1
2009-03-01,102.4,4.5,226.4,34.0134,101.31,,8.63,10.96,13.47,15.79,16.79,6.5,11515.5118865749,384090,368157,367151,2,1004,15932,21467,14230,105.7,103.3
2009-04-01,102,3.3,15.6,33.2491,100.69,,8.58,9.02,10.88,14.97,12.99,13.47,11547.6245124637,383808,368065,366876,2,1187,15743,18836,14146,102.8,107.1
2009-05-01,101.7,3,-162.6,30.9843,100.57,,7.06,7.79,9.47,11.91,15.3,16.33,11838.4295110898,383788,368348,367157,2,1189,15440,21159,13115,105.6,97.3
2009-06-01,98.9,4.9,-577,31.2904,100.6,,6.75,7.48,9.04,15.35,13.23,11.04,12272.1113099503,404170,387280,385738,3,1539,16889,23573,14669,103.3,102.8
2009-07-01,100.3,4.1,-575.4,31.7555,100.63,,6.46,7.4,8.14,11.02,12.38,,12469.0740618666,412512,395891,394187,3,1701,16621,26166,15213,98.1,97.3
2009-08-01,88.4,4,-565.7,31.5687,100,,6.61,7.12,8.68,10.59,10.58,11.5,12670.6228984974,401908,384875,383170,3,1701,17033,26805,14818,91.8,96.1
2009-09-01,107.4,5.2,-948.9,30.0922,99.97,,7.25,7.94,8.3,10.79,12,15.75,12896.8813273086,409546,391876,383044,6907,1925,17670,28613,16811,102.7,103.5
2009-10-01,106.7,4.7,-920.4,29.0488,100,,5.81,6.27,6.79,9.34,8.75,15,13222.5388068742,413364,394518,383578,8993,1947,18846,30162,18409,109.4,106.2
2009-11-01,102.1,5.8,-1123.4,29.8179,100.29,,5.22,5.66,5.6,10.68,8.91,11.63,13770.4686055933,434435,414028,403048,9026,1954,20407,30400,18442,103.6,97.2
2009-12-01,106.8,14.5,-2448.6,30.2442,100.41,,4.83,5.65,6.97,10.04,13,,14058.8863747708,447671,424692,413573,9140,1979,22979,33687,20580,112.9,140.2
2010-01-01,100.1,3.1,396,30.4312,101.64,,4,4.65,5.33,9.86,,,14478.2981082666,439450,416653,405825,8901,1927,22798,26977,11142,116.6,56.2
2010-02-01,100.3,2.9,243.7,29.9484,100.86,,3.83,4.22,4.78,6.74,11.19,10.55,14876.1772807222,436267,413514,402778,8826,1911,22753,30094,15239,106.9,122.9
2010-03-01,100.9,3.5,242.4,29.3638,100.63,,3.54,4.1,5.52,6.63,5.47,8.75,15248.5527571862,436775,413334,402750,8700,1884,23441,32992,18436,106.4,102.8
2010-04-01,100.3,3.8,308.9,29.2886,100.29,,3.28,3.52,4.65,8,4.6,,15572.9439540374,447442,423321,412834,8621,1866,24120,32693,18904,106.5,107.2
2010-05-01,100.2,3.1,288.9,30.4956,100.5,,2.75,3.36,4.93,4.01,,,16076.2715314569,461169,435565,425126,8582,1858,25603,31106,19053,102.9,94.1
2010-06-01,96,5.1,272.3,31.1954,100.39,,2.55,3.13,4.57,5.48,6.19,8.3,16420.1234639553,456434,428991,418808,8371,1812,27443,31554,19327,104.4,104.3
2010-07-01,89.8,3.1,293.4,30.1869,100.36,,2.62,3.29,4.08,4.81,4.85,8,16705.4431112668,461201,432994,422778,8398,1818,28206,30726,20811,108.3,100.9
2010-08-01,76.2,3.8,247.2,30.664,100.55,,2.58,3.37,3.92,4.4,6.71,5.68,17143.1533007814,475307,448043,437551,8625,1867,27264,31260,23605,106.3,94.3
2010-09-01,74.9,4.5,109.7,30.403,100.84,,2.63,3.25,3.86,4.57,5.93,7.06,17597.6044074316,476266,447071,436647,8568,1855,29195,33670,23209,104,101.2
2010-10-01,96.3,4.6,36.2,30.7821,100.5,,2.69,3.16,5.07,4.16,5.46,5.78,17900.2683017307,490099,458319,447567,8839,1913,31780,34589,24453,102.4,104.7
2010-11-01,93,5.9,-100.1,31.3061,100.81,,3.04,3.62,4.8,5.02,5.56,6.28,18375.9916194947,497082,463767,452905,8930,1932,33315,34506,24544,105,99.6
2010-12-01,100.6,15,-1584.7,30.4769,101.08,,2.89,3.85,4.18,4.97,7.05,7.12,18715.660882082,483063,448778,438237,8666,1876,34285,42507,26956,105.1,140.3
2011-01-01,101.7,2.6,468.8,29.6684,102.37,,2.71,3.59,4.16,4.76,5.7,7.27,18968.0076735597,479379,443591,432948,8749,1893,35788,29590,16228,101.1,53.3
2011-02-01,101.8,2.7,455.9,28.9405,100.78,,2.81,3.16,4.5,5.51,5.43,6.99,19229.9713077257,484158,450766,439969,8876,1920,33393,39623,21670,100.8,122.6
2011-03-01,101.7,4,817,28.429,100.62,,3.08,3.51,4.25,4.54,5.31,6.17,19494.2586045526,493835,458045,447175,8936,1934,35790,42461,26794,97.6,99.5
2011-04-01,101.5,3.1,1172.4,27.5022,100.43,,3.22,3.78,4.48,4.68,5.24,7.76,19690.9430050853,502460,465455,454223,9011,2221,37005,45803,26919,98.7,109.6
2011-05-01,101.3,2.9,1442.6,28.0685,100.48,,3.73,4.21,4.78,4.55,4.75,6.61,19964.6325064374,523950,483229,471725,9217,2287,40720,44039,27930,96.3,90.7
2011-06-01,102,5.4,1746.4,28.0758,100.23,,3.71,4.1,4.82,4.79,4.79,6.96,20135.9182453388,521092,480141,468072,9096,2974,40950,43656,27478,101.7,110.7
2011-07-01,114.8,3.6,2083.3,27.6796,99.99,,3.85,4.27,4.81,4.9,4.74,6.14,20540.7055755323,524527,484015,471942,9098,2974,40512,41435,26855,101.2,99.2
2011-08-01,125.9,3.9,2357.5,28.8569,99.76,,3.94,4.74,4.72,5.28,4.96,6.13,20922.2384621117,533905,490264,477855,9095,3315,43640,43842,29428,101.6,95.4
2011-09-01,139.3,5.5,2425.4,31.8751,99.96,,4.43,5.03,5.43,5.89,5.78,6.29,21264.0945212231,545012,496366,483885,9148,3334,48645,43037,26841,103,102.7
2011-10-01,140.4,5,2700.7,29.8977,100.48,,4.93,5.84,6.06,6.97,7.63,7.59,21774.2262973205,516848,472496,459753,8879,3864,44352,45247,28702,98.6,101
2011-11-01,140.5,6.5,2640.8,31.3216,100.42,,5.05,5.93,6.41,7.02,7.53,8.43,21997.0409912835,525557,476967,464023,9019,3925,48589,46427,29755,101.7,102.2
2011-12-01,104.8,17.1,860.7,32.1961,100.44,,5.41,6.17,6.91,7.76,7.98,8.68,22448.5804066898,510910,462686,450027,8820,3838,48224,50248,29955,103.5,144.2
2012-01-01,102.5,3.1,413.5,30.3647,100.5,,4.84,5.78,6.48,7.33,8.17,9.45,22941.7182475686,498649,453952,441162,8729,4061,44697,39497,19141,100.4,51.7
2012-02-01,103.9,2.8,225.9,28.9503,100.37,,4.41,4.97,5.93,7.51,8.48,9.54,23234.4546881419,505391,456550,443627,8820,4104,48841,44877,24696,102.7,125.3
2012-03-01,104.9,3.9,519.9,29.3282,100.58,,5.12,5.71,6.06,6.6,7.08,8.05,23444.0201302535,513978,463810,450848,8847,4116,50168,46658,28405,103.2,100
2012-04-01,105,2.9,636.5,29.3627,100.31,,5.34,5.71,6.54,7.53,7.51,9.15,23623.2413615187,513491,465664,452646,8808,4209,47827,44903,26771,101.4,107.6
2012-05-01,104.7,3.1,1050.9,32.4509,100.52,,5.8,6.11,6.31,7.08,7.54,8.61,23831.4902423228,524370,476458,463088,8818,4553,47912,45473,28156,105.4,94.4
2012-06-01,103.3,5.2,1140.2,32.8169,100.89,,5.77,6.44,6.77,7.24,8.93,8.83,24032.574793305,510432,465128,452106,8588,4434,45304,40810,26979,107.7,112.9
2012-07-01,96.3,4.2,1402,32.1881,101.23,,5.61,6.23,6.69,7.32,8.08,8.74,24308.4017419667,514317,467992,454907,8630,4456,46325,41155,29700,100.8,92.9
2012-08-01,95.8,4.3,1593.2,32.2934,100.1,,5.33,6.02,6.52,7.09,7.77,8.93,24399.3682229256,510543,461865,448858,8578,4429,48678,41119,29959,108.2,102.4
2012-09-01,91.4,5.1,1585.4,30.9169,100.55,,5.53,5.89,6.22,6.85,8.27,7.9,24509.5655710454,514593,464857,451624,8655,4578,49736,42930,27364,104.8,99.5
2012-10-01,85.3,5.5,1778.1,31.5252,100.46,,6.1,6.59,6.83,7.5,7.86,9.1,24792.0558997497,529893,476380,462970,8770,4639,53512,46540,32157,103.7,100.1
2012-11-01,90.5,7.2,1734.6,31.0565,100.34,,6.12,6.63,6.75,7,7.57,10.25,25169.2765216115,526766,475260,461863,8762,4635,51505,45268,30587,109.1,107.4
2012-12-01,101.4,18.4,260.4,30.3727,100.54,,6.17,6.56,6.93,7.56,8.35,9.34,25310.2911192881,528236,476241,462792,8729,4720,51995,48203,31855,105.5,139.5
2013-01-01,101.6,3.6,288.4,30.0277,100.97,81.5,5.42,5.91,6.57,7.41,7.76,8.74,25760.8531040133,537618,486578,473110,8741,4727,51039,38714,21712,100.4,49.4
2013-02-01,101.5,2.9,95.7,30.6202,100.56,99.7,5.66,6.07,6.34,7.65,7.86,7.25,26221.4375932308,532155,480195,466598,8767,4831,51960,41763,26484,106.6,133
2013-03-01,101.2,3.9,290.9,31.0834,100.34,113.5,6.03,6.46,7.09,7.31,7.96,8.04,26634.7577963968,526172,475650,462372,8616,4662,50522,44356,28370,109.6,102.8
2013-04-01,100.8,3.7,396.1,31.2559,100.51,95.6,6.22,6.55,6.56,7.71,8.21,9.35,27063.2494613548,527708,477267,464126,8528,4614,50441,44333,29849,109,107
2013-05-01,100.6,3.4,570.1,31.5893,100.66,101.1,6.37,6.74,7.08,7.34,8.07,7.1,27253.30787306,533218,486350,473121,8584,4645,46868,40879,26383,100.2,86.7
2013-06-01,101.2,5.1,535.3,32.709,100.42,98,6.3,6.63,7.02,8.06,7.9,7.82,27594.4950249948,518431,473393,460435,8525,4432,45039,41707,28243,102.1,115.1
2013-07-01,105.5,4.2,736.9,32.8901,100.82,101.4,6.08,6.56,6.92,7.34,7.9,8.06,28089.7025979204,513772,475224,462122,8555,4548,38547,43585,30263,104.5,95.1
2013-08-01,103.3,5.1,848.6,33.2474,100.14,99.5,6.11,6.42,7.3,7.27,7.83,7.41,28535.3295193688,512834,470205,456979,8609,4617,42630,42399,28351,104.2,102.1
2013-09-01,101.8,6.8,913.3,32.3451,100.21,102.3,6.25,6.55,6.56,8.1,7.71,7.54,28732.5797268507,509674,464202,451203,8620,4378,45472,44675,28692,100.8,96.2
2013-10-01,121.9,6.7,1136.8,32.0613,100.57,105.1,6.06,6.48,6.81,7.19,7.35,9.66,28771.6207986358,522580,479451,466129,8727,4595,43129,43390,30648,105.5,104.8
2013-11-01,110.3,7.6,1030.3,33.1916,100.56,103.1,6.2,6.54,7.13,7.17,7.45,8.02,29094.2743555231,524284,480238,466937,8751,4551,44045,46669,29793,102.2,104
2013-12-01,101.4,17.5,-848.2,32.7292,100.51,108.3,6.4,6.55,6.89,7.73,8.61,8.57,29510.7816566873,515590,474950,461685,8734,4530,40640,49366,32481,103.4,140.8
2014-01-01,102.1,4.8,745.2,35.2448,100.59,77.8,6.06,6.73,7.02,7.14,7.61,8.12,29579.0640749678,509595,469605,456447,8762,4396,39990,39529,20977,99.5,47.6
2014-02-01,102.3,4.2,206.3,36.0501,100.7,101.5,5.99,6.45,7.12,7.41,7.99,7.59,29740.6870019366,498926,457211,444149,8730,4332,41715,36339,24089,99.4,132.8
2014-03-01,102.5,5,528.4,35.6871,101.02,109.2,7.85,8.24,8.49,8.59,8.44,9.36,30019.2530447652,493326,448738,435565,8805,4368,44588,46944,27372,93.3,96.5
2014-04-01,103.3,4.3,719.7,35.6983,100.9,98.6,7.87,8.5,8.67,10.1,9.53,9.11,29389.4251316958,486131,442776,429689,8796,4291,43355,47522,27753,100.4,115.1
2014-05-01,103.3,4.6,1052.6,34.7352,100.9,98.2,8.21,8.65,9.11,9.64,10.32,8.67,29743.627673491,472278,427975,414758,8820,4397,44303,43945,26159,106.4,91.9
2014-06-01,102.8,6.8,1087.6,33.6306,100.62,101.7,8.23,8.58,9.1,9.63,10.43,4.05,29866.4279133945,467227,423768,410866,8767,4136,43459,40600,26745,96.5,104.4
2014-07-01,108.3,5.8,1387.8,35.7271,100.49,101.2,8.17,8.83,8.94,9.91,10.12,9.54,29970.5486964775,478250,431958,418828,8798,4332,46292,46185,29153,102.9,101.4
2014-08-01,104.6,5.7,1511.7,36.9316,100.24,99.7,7.88,8.35,9.24,10.45,9.38,10.82,30261.8604226608,468762,422654,409647,8716,4291,46109,41413,25278,104.4,103.6
2014-09-01,116.3,7.4,1542.3,39.3866,100.65,103.6,7.95,8.42,8.96,10.19,10.73,11.22,30559.6736805501,465228,419239,406404,8642,4193,45990,38054,26037,100.4,92.6
2014-10-01,88.1,7.9,1589.7,43.3943,100.82,106.3,8.24,8.61,9.18,10.56,11.79,11.42,30750.5652344295,454240,409224,396792,8438,3994,45016,41502,26785,102.1,106.5
2014-11-01,100.5,7.9,1548.2,49.322,101.28,99.3,10.21,10.51,10.94,11.49,12.29,13.32,30658.7427035579,428590,383283,370916,8414,3953,45307,36681,23072,96.5,98.3
2014-12-01,104,19.8,-845.6,56.2584,102.62,112.4,15.47,16.73,16.68,16.87,15.22,16.95,30776.1462674113,418880,373658,361409,8334,3915,45222,38093,24457,92.4,134.8
2015-01-01,102.2,6.2,-171.7,68.9291,103.85,73.9,16.96,17.44,19.97,21.91,15.98,,30692.2520531306,385460,339371,327727,8246,3398,46089,27901,12156,98.5,50.7
2015-02-01,102.6,6.1,-834.1,61.2718,102.22,99.8,15.12,16.06,15.83,17.48,,,30885.162585176,376208,327147,315816,8025,3306,49061,29401,15418,97.7,131.9
2015-03-01,103.6,6.3,-447.3,58.4643,101.21,112.5,14.9,15.51,15.96,15.81,,,31030.0082329126,360221,313431,302311,8011,3110,46790,32905,17082,97.9,96.7
2015-04-01,102.7,5,-826.9,51.7029,100.46,95.6,14.36,14.78,14.79,15.25,14.95,,30871.6117741062,356365,309093,298665,7852,2576,47272,30715,16170,97.7,114.8
2015-05-01,102.1,4.7,-845.7,52.9716,100.35,97.6,12.83,12.98,13.4,13.48,,,31484.758382295,356005,307718,297086,8006,2626,48287,30654,15290,92.6,87.2
2015-06-01,101,6.4,-882.8,55.524,100.19,103.2,12.5,12.62,12.87,13.46,,11.59,31691.3170888969,356770,308895,298384,7915,2596,47875,30088,16221,96.4,108.9
2015-07-01,97.4,5.5,-812.1,58.9906,100.8,100.5,11.52,12.19,12.32,13.35,,12.89,31775.5863414289,361571,313342,302728,8005,2609,48229,27322,16763,96.8,101.8
2015-08-01,101.9,5.2,-851.7,66.4779,100.35,101.4,10.86,11.39,11.36,13.89,,,32107.7035798883,357626,312663,302137,7939,2587,44963,25034,16232,95,101.6
2015-09-01,103.1,7,-751.8,66.2367,100.57,103.1,11.15,11.61,11.71,12.52,11.27,,32508.6294464761,366343,318661,307943,7991,2727,47683,26343,16831,95.3,92.9
2015-10-01,107,7,-589.8,64.3742,100.74,105,11.14,11.44,11.59,13.84,,,32470.6668050993,371267,322375,311749,7991,2635,48892,26964,16917,93.5,104.4
2015-11-01,101.7,7.8,-985.7,66.2393,100.75,101.9,11.43,11.72,11.72,13.29,11.08,,32943.2929559925,369640,319061,308504,7952,2606,50578,25384,16434,93.9,98.7
2015-12-01,103,18.1,-2819.5,72.8827,100.77,109.1,11.07,11.78,11.42,12.8,,,33332.5624295986,364708,317028,306658,7811,2560,47680,28708,17505,105,150.7
2016-01-01,103.3,5.5,557.6,75.1723,100.96,75,11.02,11.69,11.65,12.68,,,34169.548907986,368399,319836,309387,7888,2560,48563,17149,9844,94,45.4
2016-02-01,103.8,4.7,-83.9,75.0903,100.63,102.4,10.84,11.08,11.72,12.75,,,33842.8083172804,371559,320180,309770,7859,2551,51379,20135,12861,96.3,135.1
2016-03-01,103.6,5.4,-463,67.6076,100.46,109.8,10.94,11.34,11.4,12.34,,,34122.9575669734,380544,323275,313465,6662,3149,57269,23185,15352,99.4,99.8
2016-04-01,103.5,4.7,-699.4,64.3334,100.44,96.1,10.73,10.9,11.46,12.15,11.21,10.65,34563.3514657961,387008,328871,318865,6795,3212,58137,21750,15113,93.4,107.9
2016-05-01,103.4,4.4,-893.6,66.0825,100.41,98.2,11.06,11.08,11.87,12.67,,10.68,34867.228936388,391521,331015,320948,6836,3231,60506,22042,14437,94.9,88.6
2016-06-01,102.9,6.8,-1061.4,64.2575,100.36,104.8,10.64,10.84,11.34,11.72,,,35466.8742419086,387716,329786,319823,6766,3198,57930,24038,15982,95.6,109.6
2016-07-01,107.4,5.7,-851.3,67.0512,100.54,101.1,10.38,10.8,11.09,10.79,11.25,,35655.419687399,392756,329259,319349,6746,3164,63497,22445,16144,91.9,98
2016-08-01,105.7,5.6,-904,64.9072,100.01,100.1,10.34,10.6,11.34,11.46,,,36090.9410596792,393912,329392,319520,6720,3152,64520,23105,18449,90,99.5
2016-09-01,104.7,6.7,-1119,63.1581,100.17,103.6,10.24,10.36,10.25,10.7,10.3,9.8,36323.8993556023,395198,330488,320610,6725,3154,64710,25369,17959,97.5,100.6
2016-10-01,104.3,6.1,-1004.3,62.9037,100.43,107.5,10.32,10.55,10.48,11.09,9.66,10.61,36622.1553120722,397743,332232,322354,6732,3146,65512,24751,18180,94.1,100.7
2016-11-01,106.8,7.3,-1348.4,64.9449,100.44,102.9,10.02,10.17,10.21,10.43,,,36887.6921538763,390741,326310,316586,6627,3097,64431,26532,17615,93.8,98.4
2016-12-01,103.4,17.3,-3142.1,60.6569,100.4,107.6,10.16,10.11,10.44,10.45,,10.71,37052.5259873575,385288,323631,314050,6530,3052,61657,31209,19557,92.7,148.9
2017-01-01,101.5,4.3,295.9,60.1618,100.62,76,10.11,10.2,10.23,10.32,,,37300.8720327515,377741,317548,308031,6486,3031,60194,25427,13618,110,53.9
2017-02-01,101.1,3.9,22.9,57.9371,100.22,96.7,10.14,10.24,10.23,10.82,,,37916.5331879717,390585,327650,318028,6557,3064,62936,25806,15476,96.9,119
2017-03-01,102.1,4.9,144.1,56.3779,100.13,113.9,9.9,9.97,10.2,10.58,9.55,10.46,38302.1837413064,397334,330472,320921,6532,3019,66863,31317,18995,96.8,99.7
2017-04-01,101.7,4.2,-12.5,56.9838,100.33,95.9,9.58,9.73,9.89,10.51,,10.32,38460.6556132587,397907,330337,320763,6548,3026,67570,26083,18258,92.9,103.6
2017-05-01,101.2,4.3,163.8,56.5168,100.37,101.7,9.13,9.09,9.29,8.17,,,38408.0565345735,400998,332345,322667,6619,3059,68653,28259,19628,100.3,95.6
2017-06-01,99.6,6.4,64.5,59.0855,100.61,101.3,9.11,8.94,9.26,8.75,,,39009.5083955096,405721,336426,326658,6681,3087,69295,29540,20783,100.5,109.9
2017-07-01,98.2,5.4,388.4,59.5436,100.07,98,8.95,9.03,8.92,8.72,,,39358.159280516,412239,343469,333673,6719,3078,68770,24681,20847,96.7,94.2
2017-08-01,106.1,6.3,400.7,58.7306,99.46,103.8,8.54,8.77,8.68,8.79,,8.76,39366.8513587641,418447,348410,338578,6801,3031,70037,29079,22415,99.7,102.6
2017-09-01,109.5,6.7,389.4,58.0169,99.85,103.1,8.37,8.49,8.67,8.67,8.49,,39590.484891092,423978,350478,340669,6824,2985,73500,30800,20559,99.8,100.7
2017-10-01,98.4,6.9,697.2,57.8716,100.2,104.2,8.04,8.28,8.49,8.28,7.95,,40087.8276659595,424766,351163,341350,6827,2986,73603,31580,21504,98.5,99.4
2017-11-01,102.1,7.1,370.3,58.3311,100.22,101.1,8.01,8.07,8.09,8.32,8.78,8.53,40548.8481685081,424857,351152,341439,6789,2924,73705,33443,21897,100.4,100.3
2017-12-01,104.1,18.8,-1349.1,57.6002,100.42,107.4,7.73,7.68,7.75,7.52,7.9,8.05,40776.105220151,431636,355518,345835,6837,2846,76118,37533,24146,98.1,145.4
2018-01-01,102.3,5,416.5,56.2914,100.31,79.3,7.09,7.11,7.68,7.2,,8.36,41190.9741665723,432742,356095,346507,6883,2706,76647,33591,16672,,
2018-02-01,102.3,5.2,309.2,55.6717,100.21,97.5,7.15,7.02,7.25,7.07,,,41511.796837482,447735,367357,357558,7047,2752,80378,31283,19114,,
2018-03-01,102.4,5.5,712.7,57.2649,100.29,113.4,7.15,7.03,6.94,7.07,6.67,7.68,41879.5618157593,453644,373062,363348,6987,2728,80582,36634,21643,,
2018-04-01,102.3,4.5,799.1,61.9997,100.38,96.9,7,6.75,6.93,7.22,,,42303.6188129991,457995,377513,367743,7030,2739,80482,35968,20968,,
2018-05-01,102.2,3.5,1276.1,62.5937,100.38,101.5,6.95,6.94,6.94,6.99,,,42852.0620863383,459884,378737,369075,6958,2704,81146,36482,21310,,
2018-06-01,100.8,5.3,1514.7,62.7565,100.49,99.8,7.02,7.12,6.98,7.18,,,43023.4676749381,456640,376129,366620,6848,2661,80511,36272,21077,,
2018-07-01,101.7,5,2456.8,62.7805,100.27,99.7,7.09,7.05,7.06,7.1,,7.16,43783.1323016102,456749,378582,368668,6805,3109,78167,34389,21218,,
2018-08-01,89.4,5.2,2999.3,68.0821,100.01,102.7,7.03,7.11,6.87,7.6,,,44029.625078274,458032,380621,370736,6802,3083,77411,37565,21671,,
2018-09-01,95.3,6.3,3434.1,65.5906,100.16,102.5,7.15,7.17,6.77,8.2,,8.23,44573.1973410603,460615,383350,373501,6778,3071,77265,38692,19787,,
2018-10-01,112.1,5.9,4366.1,65.7742,100.35,105.8,7.27,7.3,7.4,8.1,8.42,8.69,44833.0317850726,459163,381672,371858,6754,3060,77491,41315,21618,,
2018-11-01,93.9,6.8,4625.5,66.6342,100.5,99.8,7.25,7.35,7.26,8.26,,,45175.3749410255,459563,378508,368609,6696,3203,81055,40460,21476,,
2018-12-01,99.9,17.1,,69.4706,100.84,107,7.49,7.53,7.64,8.72,,,45618.0490294584,462104,379179,369283,6694,3202,82925,41357,22501,,
2019-01-01,,,,66.0987,101.01,78.5,7.65,7.69,7.23,8.73,,,45698.1502446948,468495,381592,371733,6737,3122,86903,,,,
2019-02-01,,,,65.757,,,7.59,7.6,7.3,8.49,8.65,,45648.3765284121,475945,386485,376601,6792,3093,89460,,,,
2019-03-01,,,,65.9646,,,,,,,,,,482610,390969,380767,6770,3431,91641,,,,
