Date,"Gross Domestic Product, Nominal, National Currency","Gross Domestic Product, Deflator, Index","Household Consumption Expenditure, incl. NPISHs, Nominal, National Currency","External Sector, Exports of Goods and Services, Nominal, National Currency","External Sector, Imports of Goods and Services, Nominal, National Currency","Consumer Price Index, All items, Index","Producer Price Index, All Commodities, Percentage change, previous period, Percent","Real Effective Exchange Rate, Consumer Price Index","Interest Rates, Money Market Rate","Public Final Consumption Expend., Nominal",M2,International Reserves,Crude Oil income,Population,"Real wage, NSA",Employment in Manufacturing,Population,Bicurrency bundle,Y must be real and equal C+I+G,Y must be SA,Y must be per capita,Ymust be an index value,C must be real,C must be SA,C must be per capita,C must be an index value ,Inflaiton CPI,real exchange rate (US dollar),real exchange rate (Euro),real exchange rate weighted,real balances must be real and per capita,M must be an index value,Domestic Inflaiton ,"Real wage, must be SA",Crude Oil income,Oil imcome must be per capita,oil income 
1994 Q1,,,,,,,,,,,,,,,,,,,,,,,,,,,,,,,,,,,,,
1994 Q2,,,,,,,,,,,,,,,,,,,,,,,,,,,,,,,,,,,,,
1994 Q3,,,,,,,,,,,,,,,,,,,,,,,,,,,,,,,,,,,,,
1994 Q4,,,,,,,,,,,,,,,,,,,,,,,,,,,,,,,,,,,,,
1995 Q1,,,,,,,,,,,,,,,,,,,,,,,,,,,,,,,,,,,,,
1995 Q2,,,,,,,,,,,,,,,,,,,,,,,,,,,,,,,,,,,,,
1995 Q3,,,,,,,,,,,,,,,,,,,,,,,,,,,,,,,,,,,,,
1995 Q4,,,,,,,,,,,,,,,,,,,,,,,,,,,,,,,,,,,,,
1996 Q1,,,,,,,,,,,,,,,,,,,,,,,,,,,,,,,,,,,,,
1996 Q2,,,,,,,,,,,,,,,,,,,,,,,,,,,,,,,,,,,,,
1996 Q3,,,,,,,,,,,,,,,,,,,,,,,,,,,,,,,,,,,,,
1996 Q4,,,,,,,,,,,,,,,,,,,,,,,,,,,,,,,,,,,,,
1997 Q1,,,,,,,,,,,,,,,,,,,,,,,,,,,,,,,,,,,,,
1997 Q2,,,,,,,,,,,,,,,,,,,,,,,,,,,,,,,,,,,,,
1997 Q3,,,,,,,,,,,,,,,,,,,,,,,,,,,,,,,,,,,,,
1997 Q4,,,,,,,,,,,,,,,,,,,,,,,,,,,,,,,,,,,,,
1998 Q1,,,,,,,,,,,,,,,,,,,,,,,,,,,,,,,,,,,,,
1998 Q2,,,,,,,,,,,,,,,,,,,,,,,,,,,,,,,,,,,,,
1998 Q3,,,,,,,,,,,,,,,,,,,,,,,,,,,,,,,,,,,,,
1998 Q4,,,,,,,,,,,,,,,,,,,,,,,,,,,,,,,,,,,,,
1998Q1,540.6104,,317.33140000000003,124.76660000000001,131.3632,11.3248431445859,11.33,,,102.6625,364.7,16858.68,,,,,,,,,,,,,,,,,,,,,,,,,
1998Q2,588.551,,322.8836,133.05929999999998,134.33270000000002,11.4911131418148,11.5,,,104.1575,374.5,16168.96,,,,,,,,,,,,,,,,,,,,,,,,,
1998Q3,658.9508000000001,,383.54179999999997,197.3565,161.7675,13.3501397774977,13.36,,,120.1182,374.1,12709.07,,,,,,,,,,,,,,,,,,,,,,,,,
1998Q4,784.5696999999999,,487.41270000000003,365.861,218.1704,18.6687863555202,18.67,,,165.6824,453.7,12222.98,,,,,,,,,,,,,,,,,,,,,,,,,
1999 Q1,901.3469,15.21,549.3929,388.3695,264.4272,22.9451762842471,17.7377892030848,44.6306954650866,23.0666666666667,158.6055,482.2,10764.85,6069,146693,53.69,109.712082424702,146.693,24.427965,5111.141354372124,5625.3905,38348.05000920289,0.6573651486594821,3612.0506245890865,3734.8358,25460.218278990815,0.75322837714359,1.2290663060409606,1.844554491783475,1.7350374477462944,1.7944414935200819,14326.048497010077,0.25559318082952964,1.177377892030848,56.077344,5686.900648498555,38.767362099749505,-0.119131876545492
1999 Q2,1101.5013000000001,17.35,594.2811999999999,470.9202,305.7745,24.9154562514091,12.1315502183407,47.1814663142219,10.2333333333333,171.9714,581.5,12153.31,6391,146223,59.87,110.239878638475,146.223,25.297525,5396.862247838617,5634.8092,38535.7242020749,0.660582273745823,3425.251873198846,3590.0075,24551.592430739347,0.7263471161265184,1.0858690272305593,1.8350020572042902,1.6068417013803378,1.7285740857064915,15961.186963119319,0.2847659315525782,1.121315502183407,60.101403,6186.9922057592585,42.31203166231891,-0.115877706952594
1999 Q3,1373.0661,19.62,669.9093,528.916,322.1872,26.4626562256224,12.4376293050992,49.4460770091526,12.1666666666667,182.5951,611.9,11212.08,7875,145971,61.31,110.761353939509,145.971,25.39582,5944.634556574923,5614.658,38464.20179350693,0.6593562312552794,3414.4204892966363,3477.4527,23822.901124195898,0.7047891324418585,1.0620979988727197,1.7617924733028976,1.5066174946687132,1.642012524516361,15840.92125147675,0.2826202529455382,1.124376293050992,61.770722,7696.443745466773,52.72584106066803,0.0213783379257468
1999 Q4,1447.3192,20.07,768.8856,696.3794,369.96029999999996,27.5305828744903,14.9691525056824,47.3925625882701,13.7,190.0371,714.6,12455.53,10622,145888,69.21,111.323915173351,145.888,26.770760000000003,5584.953163926257,5217.4737,35763.55628975652,0.6130615635310169,3831.0194319880416,3482.8707,23873.59275608686,0.7062888201195362,1.040355988445101,1.8036025347905738,1.5243201278314917,1.672098061074002,17792.133764475562,0.31743212816541,1.149691525056824,65.753388,10423.310358017477,71.44734562141832,0.243985210360856
2000 Q1,1547.0083,23.43,742.4961999999999,755.2329,382.9516,28.7819761869671,10.4688382602147,45.8723311175355,9.86666666666667,255.1972,768.4,15532,13015,145925,65.34,112.063461963908,145.925,28.31087,5013.772940674348,5530.7064,37901.0203871852,0.6497021333598169,3168.997865983781,3306.4481,22658.5444577694,0.6703421975154422,1.0454546610284934,1.8874116558545155,1.507274412887407,1.7057414184784683,18295.19507938736,0.32640732056807614,1.104688382602147,68.188411,13083.557658242224,89.65946656324977,0.3913315574339
2000 Q2,1716.8396,24.53,780.0735,803.004,414.38390000000004,29.856419502393,6.57064939492071,49.254171639075,7.93333333333333,264.96840000000003,905.8,20996.54,12325,146034,71.28,112.708195063367,146.034,27.526935,5414.673868732165,5648.6125,38680.11901338045,0.6630575004281901,3180.079494496534,3325.079,22769.211279565036,0.6736162224932072,1.037330421943453,1.8336989851916803,1.3763693746669747,1.6116145322155777,20774.979840701104,0.370649532581323,1.0657064939492071,71.69805,12706.95411603217,87.01366884446205,0.283347762941841
2000 Q3,2009.5803999999998,25.97,877.8544,834.0938000000001,461.89390000000003,31.4209661429839,7.42103158736507,54.5482713146478,3.76666666666667,289.48179999999996,1008.8,25007.03,13366,146166,73.71,113.033722069467,146.166,26.613025,6304.89218328841,5939.7917,40637.300740254235,0.6966076563430607,3380.263380824028,3428.2239,23454.318377734904,0.693884788224628,1.0524023532180575,1.7196013479737087,1.2506857339878095,1.490053855416016,21965.403048855984,0.39188805165858986,1.0742103158736507,74.17265,13957.118365912933,95.4881324378647,0.299789871575876
2000 Q4,2032.218,26.03,973.9296999999999,826.5355999999999,496.57529999999997,32.9788527836858,5.7768182833321,58.3719712310204,7,292.8497,1154.4,27972.14,14130,146272,79.68,112.774564647135,146.272,26.24776,6539.599308490204,6109.8231,41770.28481185736,0.7160293542515456,3741.56626968882,3431.2814,23458.224403850363,0.6940003461385384,1.0495811183403019,1.6525789117254757,1.1545380973701858,1.4062836720130563,23930.92989154748,0.4269553109823448,1.057768182833321,75.669241,15008.686455529918,102.60806207291839,0.296693847968213
2001 Q1,1917.058,27.74,960.364,792.7205,435.584,35.170102747165,3.93969549815846,59.2880309100632,8.6,345.89840000000004,1165,29708.87,13739,146304,78.32,112.641825479599,146.304,27.572725,5623.365176640232,6224.6041,42545.68637904637,0.7293213460572221,3462.0187454938723,3597.7493,24590.91549103237,0.7275104700524065,1.0664440930632728,1.6016044434537289,1.181146090413434,1.3965034833648327,22641.025207591436,0.40394192796831674,1.0393969549815847,81.701851,14220.975982606,97.2015528119942,0.169178495322565
2001 Q2,2117.1267000000003,28.8,1047.5659,838.7836,544.1066999999999,37.1443727142605,3.22014051522247,63.0955805797644,9.7,365.2157,1305.4,35052.56,13357,146227,82.16,112.335261211719,146.227,27.346465000000002,6327.950694444446,6594.4057,45097.0456892366,0.7730569386577444,3637.3815972222224,3752.1001,25659.42062683362,0.7591216833024239,1.056134893357815,1.5564456327282024,1.0890357556755996,1.3253867905263725,24033.831376595754,0.4287911918172491,1.0322014051522248,82.86103,14159.761782738646,96.83411259711713,0.0935329579590718
2001 Q3,2481.2023,30.25,1150.1534,848.6395,574.2192,38.0106626998223,2.49574588769141,63.2753480460948,7.2,373.87620000000004,1425.9,37956.9,13284,146066,88.41,111.700009481369,146.066,27.893105,7295.147107438017,6863.3525,46988.0225377569,0.8054722055837257,3802.16,3847.6875,26342.115892815575,0.7793188961324303,1.023322240281883,1.5407013490999095,1.098392068415719,1.3230796181376914,25682.334093665108,0.45820237614695564,1.0249574588769141,88.853612,13968.316542744165,95.6301709004434,0.0106945952691255
2001 Q4,2468.218,30.24,1258.8197,819.4181,612.0178000000001,39.1380026810333,0.276701715550656,63.720159946103,14.9,384.96729999999997,1612.6,36622.2,11754,145860,97.95,110.543282449986,145.86,28.420625,7476.249007936509,6981.5733,47864.89304812834,0.8205035856217485,4162.763558201058,3872.3393,26548.32921979981,0.7854196187549809,1.0296585195084291,1.5165198918034803,1.0944209513809402,1.30948172096754,28248.265575181333,0.5039815447214747,1.0027670171555065,92.868081,12328.607833219712,84.52356940367278,-0.181539321830839
2002 Q1,2260.2561,31.51,1233.6136000000001,759.4841,523.7715999999999,41.4235659762739,-0.275938189845473,65.560171213724,12.2,457.4112,1578.7,37294.82,11779,145649,91.78,110.040769887172,145.649,29.095200000000006,6425.082830847349,7121.0465,48891.8324190348,0.8381074573194801,3914.990796572517,4050.834,27812.302178525086,0.8228136540307759,1.0583975455739905,1.484747162786889,1.0533231752331607,1.2722182318960613,26166.438741192444,0.4668393598024064,0.9972406181015453,95.798209,12461.080178173717,85.55554915017417,-0.236594824735713
2002 Q2,2526.9469,32.92,1305.3055,929.4911999999999,638.8415,42.9194959513417,4.42722744881017,65.6809849807965,7.1,474.6222,1768.6,43578.89,13040,145463,98.3,108.741822319143,145.463,30.144865000000003,6793.126366950182,7065.5442,48572.793081402146,0.8326384610716714,3965.083535844471,4064.285,27940.335343008188,0.8266014539485693,1.036113017790999,1.4716920137192036,1.0925291429694328,1.2870463193483745,28328.427495329655,0.5054117255669737,1.0442722744881017,99.274149,13526.708446032184,92.99071548113393,-0.218758159995345
2002 Q3,2982.2701,34.81,1423.6259,1043.1613,713.456,43.7066059382232,7.10121886592477,64.2803860334756,8.13333333333333,483.46009999999995,1863.6,45618.94,15295,145296,103.12,107.196359154262,145.296,31.349815000000003,7620.122953174374,7178.4338,49405.58446206365,0.8469142333630788,4089.703820741166,4150.9957,28569.235904636054,0.8452071761866439,1.0183392178643909,1.4652454988668542,1.1597116053661622,1.3188889183345553,29346.205947617418,0.5235700636498216,1.0710121886592476,103.63317,15402.424224831948,106.00721440942593,-0.151919745474097
2002 Q4,3017.3233,34.82,1572.9596000000001,1081.558,770.135,45.0118059164699,4.65116279069766,64.952179872682,5.33333333333333,497.8531,2134.5,47792.9,16151,145135,110.54,105.274801681363,145.135,31.781620000000004,7771.109419873636,7263.3568,50045.52175560685,0.8578840864325783,4517.402642159679,4215.3341,29044.228476935266,0.8592596041928651,1.029862762166697,1.436718266454,1.1577539214475223,1.3037121251302333,32673.643357437082,0.5829353737536145,1.0465116279069766,104.62318,16150.176737372103,111.27692656748616,-0.165837512318998
2003 Q1,2867.6132000000002,37.16,1513.7505,1081.0546000000002,667.0399,47.4840058752666,2.69503546099291,65.369259630564,4.2,557.3919000000001,2226.4,55525.04,18351,144964,100.26,103.47966246326,144.964,32.699905,6602.79467168999,7324.7851,50528.304268646,0.8661599804709458,4073.6019913885907,4217.8836,29096.076267211174,0.8607934962632339,1.054923367513502,1.370492634856499,1.1809453488221877,1.2816976802374245,32344.145296223323,0.5770567494029873,1.026950354609929,104.67758,17767.411250888956,122.56430045313978,-0.130189491757921
2003 Q2,3097.561,37.38,1586.0953,1103.0838999999999,751.6209,48.9511958508134,2.69337016574585,66.8127531984318,1.56666666666667,579.6315999999999,2626.8,64429.59,16525,144774,107.28,102.019531620366,144.774,32.763555,7346.436597110755,7621.0702,52641.152416870435,0.9023785818527409,4243.165596575709,4332.1264,29923.37298133643,0.8852686737565468,1.0308986141439054,1.3010314490080521,1.19073638071265,1.2501879750918847,37065.77865682833,0.6612961186610019,1.0269337016574585,108.39444,15569.945019702534,107.54655545679842,-0.320211085790995
2003 Q3,3635.3371,39.95,1702.2605,1206.5693999999999,846.3652,49.6123491731275,4.19188522752723,68.4223574611467,5.96666666666667,587.6631,2752.8,62073.66,18969,144571,110.92,100.515154388294,144.571,32.1436,8198.079849812266,7732.5727,53486.33335869572,0.9168667369306082,4260.9774718398,4338.294,30008.05140726702,0.8877738444759747,1.0135063773381363,1.2715559830948073,1.1482412793341346,1.2145053638985415,38379.88622360397,0.6847413089390076,1.0419188522752723,111.65388,17957.748043156338,124.21404045871121,-0.233886590093031
2003 Q4,3681.253,39.44,1892.0764,1265.1724,888.8942,50.6598191556697,2.66781411359769,68.5561974691673,3.33333333333333,605.8864,3212.6,76938.35,19877,144366,125.23,98.9444075724535,144.366,32.329100000000004,8379.75354969574,7831.4205,54246.98682515273,0.9299059156876991,4797.3539553752535,4483.5895,31057.101395065318,0.9188094864800281,1.0211130897851046,1.2201810483887994,1.169543107852615,1.197128187307515,43926.651284520885,0.7837019766716165,1.0266781411359769,118.47261,18328.173998038917,126.9563054877112,-0.268434266161266
2004 Q1,3508.7447,42.39,1898.827,1180.0016,754.4089,52.5627657906206,7.20871751885958,71.1786515724151,1.36666666666667,691.3578,3421.2,83398.44,21238,144168,116.34,113.725862014475,144.168,31.86157,7273.300306676103,8071.7467,55988.476638366345,0.9597586646456621,4479.422033498467,4642.1729,32199.745435880355,0.952614063765452,1.0375632338738408,1.1407887093628883,1.1427659326759554,1.1416780361495509,45147.25817959223,0.8054790074361606,1.0720871751885959,121.28803,19103.92614048837,132.51155693696498,-0.280275976436142
2004 Q2,3989.9742,44.57,2022.7223000000001,1391.3015,896.3236999999999,53.926582434557,6.58717748240853,73.0284694865045,7.16666666666667,712.0656,3684.7,88226.28,23180,143985,122.16,112.515407224803,143.985,31.57291,7841.589409916985,8121.2839,56403.680244469906,0.9668761159941588,4538.304464886695,4609.7923,32015.78150501788,0.94717157888264,1.0259464399070826,1.137263389457655,1.098179297610545,1.11950631005358,47455.0008617741,0.8466517909010524,1.0658717748240853,123.3254,21217.619788609918,147.35993185824853,-0.227185683060804
2004 Q3,4702.7651,48.16,2212.5882,1585.5972,1028.1019000000001,55.0713790821437,6.0883917109844,72.7552898844777,3.66666666666667,726.0983,3726.1,95081.88,27160,143813,124.6,111.254385133213,143.813,32.08807,8607.287790697676,8131.6711,56543.36603784081,0.9692706203380002,4594.2446013289045,4661.1763,32411.369625833548,0.958874864180282,1.0212288002670293,1.128048399420089,1.1015583845511956,1.1160499638055885,47046.83455154773,0.839369634515781,1.060883917109844,125.59279,24690.085754612228,171.68187684432027,-0.125919651170462
2004 Q4,4921.8504,49.64,2453.8976000000002,1703.4966000000002,1095.029,56.5653523905775,5.92912705272291,73.1068334182925,1.1,760.2928,4363.3,124541.2,28590,143645,132.7,109.964918934294,143.645,32.32431,8689.328767123287,8106.9329,56437.27870792578,0.9674520633739891,4943.387590652699,4608.8822,32085.22538201817,0.9492260427604556,1.0271279443757058,1.0805828522117196,1.1185930056330746,1.0975249050241012,53699.972509355466,0.9580692671108167,1.059291270527229,125.62795,25234.03283782392,175.66941305178682,-0.153053603617951
2005 Q1,4500.062099999999,51.5,2341.0042999999996,1531.3002,914.2394,59.4476190092064,2.8883812010444,76.6362842311606,1.06666666666667,864.3613,4474.6,137381.02,29682,143474,127.13,117.177080370405,143.474,31.743930000000002,7539.808349514562,8385.3441,58445.04300430741,1.0018693094881297,4545.639417475728,4772.2216,33261.92620265693,0.9840381735835695,1.0509546302960717,1.0096336122531955,1.0524665180030592,1.0286883468750043,52462.20581345051,0.935986085764807,1.028883812010444,132.50721,26031.650145397874,181.43810129638734,-0.169116935445955
2005 Q2,5112.2273,53.86,2570.98,1844.8226000000002,1081.6653999999999,61.349302310845,6.51863600317208,79.8122980507542,2.76666666666667,901.7299,4927.4,151578.3,35210,143295,132.98,116.608198223824,143.295,31.361985,8074.768102487929,8359.2564,58335.994975400405,1,4773.449684366878,4843.5801,33801.45922746782,1,1.0319892256970644,0.9999999999999999,0.9999999999999999,0.9999999999999999,56050.19840715146,1,1.0651863600317208,134.12568,31525.325963901836,220.00297263618296,-0.023278817456589
2005 Q3,5969.8905,57.69,2790.258,2049.6281,1260.9238,62.051458965809,3.75223347230492,79.8350161165486,2.4,920.3404,5292.2,159559.8,41770,143112,138.43,115.672703138333,143.112,31.334380000000003,8981.081989946264,8491.42,59334.08798703114,1.0171093852440782,4836.640665626625,4875.7112,34069.19894907485,1.0079209515720984,1.0114452264087097,1.0159783204890795,0.9758311185499623,0.9977116444256943,59594.777166442895,1.0632393615013356,1.0375223347230491,139.6529,38004.98685469442,265.5611468967971,0.119558697536366
2005 Q4,6153.6809,57.59,3089.9883999999997,2181.5056,1391.4468,62.9476556175391,2.13834672789868,81.3456555583754,4.46666666666667,959.4869,6044.7,182240.41,42254,142930,151.86,114.895230871338,142.93,31.14323,9313.460843896512,8654.1159,60547.931854754075,1.0379171878406535,5365.494703941656,4970.91,34778.632897222415,1.0289092155216932,1.014442797424375,1.0133250569711563,0.9498259419346207,0.9842414303323096,67184.9189712979,1.1986562203270588,1.0213834672789868,143.66877,38939.11453628927,272.4348599754374,0.101434297397066
2006 Q1,5790.0455999999995,61.76,2852.9154,2062.9262,1100.4658,65.8872622352123,1.67205283124926,85.1054324683733,3.16666666666667,1125.4236,6169.4,205881.39,45088,142754,141.38,113.055845264056,142.754,30.713705,7816.685880829015,8726.2864,61128.13931658658,1.0478631476563243,4619.357836787564,4914.433,34425.886490045814,1.0184733818257932,1.0466992231693875,0.9550289433313767,0.9003179480081412,0.930009215624555,65592.34852049362,1.17024293195231,1.0167205283124927,147.4426,41339.13769113821,289.5830427948654,0.120221418274924
2006 Q2,6402.226900000001,62.41,3133.9928,2288.7157,1343.7238,67.1177288813712,4.56053067993369,87.0589658884625,2.83333333333333,1165.2558999999999,7090.8,250560.73,49664,142590,153.68,112.6102209159,142.59,30.34505,8744.167601345938,9052.1618,63483.847394627956,1.0882448721650901,5021.619612241629,5115.5572,35875.98849849218,1.061373955989999,1.0186753342666786,0.9208457296448566,0.905169332848973,0.9137580318044115,74091.5899520512,1.3218791736265796,1.045605306799337,154.85796,44516.67734935352,312.20055648610366,0.154823386489483
2006 Q3,7307.894,65.28,3385.702,2373.8421000000003,1494.7709,67.9075488682075,4.83743061062648,88.341218667697,2.6,1179.3703,7750.7,266196.52,50623,142443,160.29,111.747416326918,142.443,30.11759,9848.074142156864,9317.72309999999,65413.6960047176,1.1213264817425637,5186.430759803921,5208.7053,36566.94467260588,1.0818155638349118,1.011767680462375,0.9021142072534802,0.8946072937486176,0.8987283322814513,80127.5309693249,1.4295673029964049,1.0483743061062647,162.01572,45063.45394834049,316.36130907338713,0.128850039224919
2006 Q4,7434.2143,63.9,3756.7207999999996,2353.8487,1714.4594,68.6486655225223,-2.45839636913767,88.6048677955661,5.1,1210.3599,8970.7,303731.97,45384,142318,176.8,111.718972219589,142.318,30.046585,10633.528951486696,9844.2978,69171.13646903413,1.1857368079211261,5879.062284820031,5436.9303,38202.689048468914,1.13020827862439,1.0109136122075784,0.8775576188214416,0.8901734026480579,0.8832124428499825,91819.3897194955,1.6381635092977698,0.9754160363086233,167.01775,40162.98557722949,282.2059442742976,-0.0229173483595301
2007 Q1,6718.5848,66.31,3447.9129,2086.1906,1403.0143,70.9751221504146,1.5897634742148,90.7811278406231,3.96666666666667,1371.1111,9381.7,338830.41,43883,142220,166.36,114.610789798047,142.22,29.986275000000003,9101.80741969537,10194.167,71678.85670088595,1.2287243361686395,5199.687679083094,5522.0143,38827.26972296442,1.1486861990683677,1.0338893205014896,0.8483893332221897,0.8676811917853712,0.8570170109928186,92942.57881747847,1.6582024945271183,1.015897634742148,173.50884,38503.00612530232,270.7284919512187,-0.100443872283184
2007 Q2,7689.2244,69.01,3835.2949,2405.5123,1715.4415,72.4538321257695,8.85496183206108,91.5320785593435,3.33333333333333,1419.3383999999999,10827.4,405839.81,50715,142151,178.18,114.136721342562,142.151,29.909505000000003,10142.230981017245,10490.154,73795.85089095398,1.2650140093105948,5557.592957542384,5678.1407,39944.43021857039,1.1817368578605818,1.0208342012039249,0.8325083816490902,0.8711213030510283,0.8496677286247786,105126.66848900447,1.8755806665546313,1.0885496183206107,179.34575,43848.599299787806,308.46493728350697,-0.0042619349522841
2007 Q3,8786.109199999999,72.55,4205.6188,2558.2696,1915.2505,73.9373654343773,5.36465638148667,92.3478997922215,4.96666666666667,1442.5,11461.8,425377.75,55447,142099,181.38,113.899687114819,142.099,29.79625,11224.107649896621,10610.297,74668.34390108305,1.2799703499112307,5796.855685733977,5799.3315,40811.90930266927,1.2074008115455739,1.0204755672002634,0.8070445869160098,0.8585357920720573,0.8298219595509483,109093.23815016919,1.9463488310551627,1.0536465638148667,183.79358,47470.83844443512,334.0687720844983,0.0425865305321462
2007 Q4,9675.310599999999,76.16,4728.7888,2978.7896,2128.5045,76.4750687254155,3.52745424292848,93.4732813867325,5.46666666666667,1518.0146000000002,12869,478762.32,68521,142047,204.6,113.833317531051,142.047,29.614615,11587.480961134454,10700.296,75329.26425760488,1.2912998962196554,6209.018907563025,5741.6851,40421.02332326624,1.1958366368520332,1.0343223385919873,0.7590200890770776,0.8562614709879813,0.8013314353836984,118465.76383263436,2.1135654680843965,1.0352745424292848,192.99194,57010.953544390155,401.35274623462766,0.194889709128618
2008 Q1,8929.8515,80.73,4358.4462,2921.9236,1816.0465,80.1017919983035,5.85020893603341,95.7244278795978,3.8,1738.2382,12973.8,512583.83,74200,141980,199.9,114.971081824215,141.98,29.687865000000002,9691.532763532763,10900.891,76777.65178194112,1.3161282637643765,5398.793756967671,5714.1139,40245.90717002395,1.1906559092371736,1.0474236026633699,0.7218619169472409,0.8367951968034992,0.7714866266327269,114076.9220582755,2.035263483451298,1.058502089360334,208.71978,60658.925793417606,427.2357077998141,0.227453809415158
2008 Q2,10329.5661,85.91,4838.5345,3307.1012,2239.5285,83.2195019463416,9.50501062860614,98.5182613212995,3.86666666666667,1824.9847,13841.2,568966.12,85049,141891,211.69,114.241016402769,141.891,29.606360000000002,10781.042253521127,11166.29,78696.2527573983,1.3490170655456133,5632.096961936911,5800.8404,40882.37027013694,1.2094853655582718,1.0389218501891209,0.6913097212747453,0.8322216864188888,0.7514974791385998,117217.85836257512,2.0913013993473974,1.0950501062860614,212.82203,67880.9509173029,478.4020897541274,0.312420048132123
2008 Q3,11754.9046,91.22,5309.9153,3675.1596,2569.7138999999997,84.9865352502244,8.51358846367165,98.9810848167492,5.76666666666667,1859.4297,14045.7,556813.28,90105,141817,214.65,113.330804968237,141.817,29.764265,11674.478074983555,11008.629,77625.59495688105,1.3306637692494117,5820.999013374259,5826.6854,41085.944562358534,1.215508013599933,1.0212334039805016,0.703094348874607,0.8078877358842691,0.748454563874569,116537.30483058437,2.0791595416674804,1.0851358846367165,217.74557,73442.0050352327,517.8646074534978,0.365044657292131
2008 Q4,10867.8725,86.7,5676.7712,3019.3693,2485.6976,86.9968352167194,-16.7901865576284,100.146832707874,8.46666666666667,1937.1916,12975.9,426283,60785,141805,226.46,111.282829240542,141.805,31.177205000000004,11919.493425605535,10960.761,77294.60174182856,1.3249898587385502,6547.6023068050745,6074.1042,42834.20330735869,1.2672294121713734,1.0236543348964176,0.749986638125335,0.775770700645166,0.7614816761754591,105182.25845303234,1.8765724554440133,0.832098134423716,212.88293,53147.77575475415,374.7947939406519,0.0168492648285933
2009 Q1,8380.9475,83.44,4904.936,2223.9715,1713.584,91.0980418150326,-7.2788697788698,87.8962587104478,11.4333333333333,1937.2296000000001,11581.6,383808.16,34845,141900,199.06,106.143927183085,141.9,38.670925000000004,9432.598274209013,10644.904,75016.9415081043,1.2859460362292277,5878.398849472675,6161.4443,43421.03100775193,1.2845904289382581,1.0471420206045037,0.8880439525738317,0.9086323384079177,0.8972503550367285,89593.62819189223,1.59845336391282,0.927211302211302,208.43114,30609.163085703272,215.70939454336343,-0.559230281576699
2009 Q2,9389.5951,87.9,5129.281099999999,2535.1865,1883.5809,93.5659651072339,7.28718118582312,91.909636708142,7.5,2010.8802,12650.5,412511.51,42013,142129,204.63,103.252109604627,142.129,37.41272000000001,9940.829920364049,10331.279,72689.45113242196,1.2460480216901115,5835.359613196813,6018.8616,42347.87833587798,1.2528417205569973,1.027090848969204,0.8285090435934096,0.8792446003036118,0.8509672744031838,95127.72025720288,1.6971879308292601,1.0728718118582312,205.66485,36170.55188716564,254.49100385681768,-0.415714390632207
2009 Q3,10636.506599999999,90.33,5385.3360999999995,2939.1063,2089.9208,94.7004084216599,4.84717505402903,91.9498765877921,6.76666666666667,2025.2615,13101.9,413362.2,52760,142434,205.04,101.204133876932,142.434,37.372635,10835.072622606,10194.825,71575.78246766924,1.2269574299341581,5961.846673308978,5930.7292,41638.43745173203,1.2318532514092086,1.012124529609948,0.8013930665838116,0.8861177969069293,0.8384674854912679,97133.4372888419,1.7329722293444838,1.0484717505402903,208.52666,44215.32492959086,310.4267585660086,-0.237485860170979
2009 Q4,11095.0315,90.86,5783.3793,3143.7619,2267.2414,94.9942884167619,0.206124852767962,95.1388243588148,5.4,2093.3213,15267.6,439446.59,61091,142738,226.36,100.464587086375,142.738,35.8113,11246.435174994496,10316.92,72278.72045285768,1.2390072455837389,6365.154413383227,5929.6678,41542.32089562695,1.2290096890807818,1.0031032600598033,0.752987947932004,0.8644578058451078,0.8012501501308412,112598.77665262876,2.00889166947645,1.0020612485276796,211.95384,50256.22806209213,352.08723719046174,-0.130248633026663
2010 Q1,9968.8706,95.37,5340.6145,3032.3872,1782.1618999999998,97.6698950388351,1.02850426094622,98.4877566328407,3.8,2096.2374,15639.4,447438.23,61946,142962,205.99,99.4595619607471,142.962,35.016365,9141.916011324316,10347.427,72378.86291462068,1.2407238951721316,5599.889378211176,5910.8834,41345.835956407995,1.2231967761560258,1.0281659736250108,0.7462227839583454,0.7963429690559813,0.7683741491673961,112005.34582000587,1.9983041809485385,1.0102850426094623,216.21245,52894.85073622005,369.99238074607274,-0.097998281932166
2010 Q2,11159.8209,99.5,5720.772599999999,3276.614,2274.8495,99.1011450149809,5.87550901687028,102.551596986918,2.9,2145.4147000000003,16900.9,461197.2,61797,143051,216.91,99.3268227932113,143.051,33.958214999999996,10209.10190954774,10635.717,74349.127234343,1.2744983138745665,5749.520201005024,5943.4509,41547.77596801141,1.2291710747874682,1.0146539522293612,0.7473960267546239,0.7419315482209276,0.7449320484975962,119217.56897241638,2.126978536390076,1.0587550901687028,217.53665,55030.609824456325,384.69224139961506,-0.0747255791678984
2010 Q3,12200.2184,99.79,6125.730799999999,3354.1868999999997,2753.4462000000003,100.529028324516,1.12637362637362,100.885440886564,2.6,2167.5432,17690.2,490094.46,59063,143037,216.26,99.0613444581398,143.037,34.627700000000004,11623.887864515482,10893.989,76162.03499793759,1.305575314692999,6138.621906002605,6027.7426,42141.14250159049,1.2467255398058572,1.0144083432065216,0.7467101608865951,0.7496536887644455,0.7480333154314447,123024.85596911838,2.194904914973889,1.0112637362637362,220.57884,52227.23599892571,365.1309521237561,-0.141008404766112
2010 Q4,13398.090199999999,104.42,6656.2316,3866.1227999999996,2979.1564,102.699931621668,5.81363759847869,98.0752054936769,2.96666666666667,2262.1284,20011.9,479373.94,71205,142973,236.37,99.4026737460889,142.973,35.66414,11981.539743344185,10969.287,76722.78681988906,1.3151877644710124,6374.479601608888,5959.0219,41679.35134605834,1.233063669398887,1.021594790413612,0.7352715914102779,0.7810258271970516,0.755519556666837,136290.04644364858,2.4315711686447714,1.0581363759847868,220.56397,61313.84494340814,428.84911796918396,0.0073072761390609
2011 Q1,12804.624199999998,118.62,6810.618,3607.1491,2386.2299,106.944698217588,7.08600770218228,105.379721135759,2.86666666666667,2652.5332999999996,19788.7,502452.38,76877,142914,207.3,100.692139945008,142.914,34.09742,9765.389479008596,11077.454,77511.32849126049,1.328705004927851,5741.542741527567,6096.0229,42655.183536952296,1.2619331979102766,1.041331737313683,0.6814927481111012,0.7222589917571418,0.6995447669226926,129474.19827546271,2.309968598772044,1.0708600770218228,218.17526,65992.96339723065,461.7669605303235,0.0701961413291814
2011 Q2,14304.5141,123.47,7296.5255,4156.2601,2923.2967999999996,108.555298190745,3.95588587868616,107.774552005669,3.6,2714.9222999999997,20721.9,524516.77,88035,142903,220.98,99.8767422015739,142.903,33.51825,10586.823357900705,11055.451,77363.32337319721,1.326167890096336,5909.553332793391,6115.1933,42792.61667004891,1.2659990914023818,1.0150601198563403,0.6531998386487998,0.7279745102644022,0.6858475880167189,133578.69698588652,2.3831975761363795,1.0395588587868616,221.05392,73515.16412700542,514.4410133237611,0.168690971247397
2011 Q3,15666.775599999999,121.97,7768.0877,4197.2271,3191.0927,108.695298188412,-0.714944649446485,104.878791057912,4.13333333333333,2721.6309,21480.4,516840.19,82547,142938,222.75,99.4216364843083,142.938,34.50553,12019.874723292613,11238.974,78628.31437406428,1.3478524606843667,6368.8511109289175,6201.6198,43386.78168156824,1.2835771790086261,1.0012896652673828,0.6798131319303337,0.7416809737097871,0.7069878731434428,138255.97362738336,2.46664557051315,0.9928505535055352,228.07509,69495.82719059815,486.19560362253674,0.104458329301311
2011 Q4,16922.2035,125.41,8313.697,4904.5559,3510.1375,109.566564840557,3.0197444831591,101.614648693837,5.1,2783.6356,24204.8,498644.92,94354,143009,254.6,99.6397079738314,143.009,36.104165,12381.616378279245,11322.159,79170.95427560504,1.357154434564637,6629.213778805518,6201.0486,43361.247194232536,1.2828217534169712,1.0080156793041293,0.7236680480413491,0.7599789900756139,0.7397881705844648,154475.66835824042,2.756023577938501,1.030197444831591,236.97504,81589.80771332061,570.5221889064368,0.258041818811477
2012 Q1,14834.7946,131.21,7775.0899,4359.428599999999,2821.4593,111.078298148695,1.62344983089064,106.817830639438,4.76666666666667,3035.1317000000004,23747.8,513488.23,90189.2,143103,227.87,99.118232672798,143.103,34.44032,10134.002972334425,11519.258,80496.2719160325,1.3798731289314055,5925.683941772731,6334.8234,44267.57929603153,1.3096351550426173,1.0137973962251887,0.6974077638179624,0.7060699620977491,0.7012925236267008,149398.22137516877,2.66543608445295,1.0162344983089064,240.19014,79242.15547358445,553.7420981641507,0.223440425017065
2012 Q2,16118.8995,133.54,8282.356,4551.6743,3326.7541,112.712164788131,0.554692700244069,106.132114229161,5.63333333333333,3091.7325,24461,514314.2,85323.40000000001,143208,244.27,98.7010524319712,143.208,34.44456,11153.19701961959,11659.981,81419.89972627227,1.3957060261097127,6202.153661824173,6420.3004,44831.99541925032,1.32633313602091,1.014709143610112,0.6869993531878923,0.7112535812439933,0.6978096809250102,151543.0895227341,2.7037029989067567,1.0055469270024406,243.36976,74313.67972184869,518.9212873711573,0.155172479947577
2012 Q3,17500.6106,132.19,8936.0929,4529.696,3785.3509,115.25879807902,2.49338040600178,105.580038824444,5.46666666666667,3155.0495,24437.8,529891,81256.5,143305,235.23,98.1037261780601,143.305,35.599975,12675.89492397307,11829.261,82546.04514845957,1.415010495377138,6760.0369922081845,6562.2743,45792.36104811416,1.3547450936941285,1.022594129885412,0.7186210823506316,0.69640969183013,0.7085396160589835,147953.98817987225,2.6396693033114182,1.0249338040600178,241.66166,73085.25160481154,509.99791776149846,0.136248142136753
2012 Q4,18521.839600000003,134.57,9587.5081,4883.973400000001,3853.3073999999997,116.724898054585,1.95909580193757,107.406767944195,6.13333333333333,3221.4986,27164.6,537616.12,90038.20000000001,143374,268.64,98.3881672513511,143.374,35.231880000000004,12997.825369696071,11863.038,82741.90578487034,1.4183679530924538,7124.550865720443,6652.3036,46398.25630867522,1.372670215106304,1.012720069964289,0.6890245220337616,0.6991399582339363,0.6935582292077654,162319.01899509507,2.8959579735293985,1.0195909580193756,249.94111,79427.70172922932,553.9895778120812,0.218909498050647
2013 Q1,15831.9147,139.02,8673.8094,4267.704,3095.4202999999998,118.991198016813,-0.886824324324343,111.107503778605,5.7,3416.2983,27198.6,527706.32,86556.49999999999,143395,238.28,97.3641793875036,143.395,34.79381,10544.97985901309,12017.837,83809.31692178946,1.436665594837816,6239.252913249892,6699.4221,46720.05369782767,1.3821904369105436,1.0194157373448138,0.6652743802938498,0.6815849659084552,0.6725652749062415,159403.44559869307,2.843940791088346,0.9911317567567566,251.66309,75650.90356589289,527.570023821562,0.171427709546406
2013 Q2,17091.2431,139.97,9282.0324,4589.1398,3652.4225,120.789131320181,-1.10779718789945,109.354836572432,6.3,3467.6767,28212.3,513770.49,83662.40000000001,143365,259.73,97.0512942068835,143.365,35.996880000000004,11541.42016146317,12080.718,84265.46228158895,1.4444848727980502,6631.44416660713,6865.3952,47887.52624420186,1.4167295536545175,1.0151098008368145,0.685103528722277,0.69780392123963,0.6907898456034832,162917.40966815816,2.906633951314818,0.9889220281210055,257.78423,73489.8437864615,512.606590077505,0.145689930724241
2013 Q3,18740.2985,139.8,9934.6834,4899.875400000001,4097.6266000000005,122.587231290213,4.38646647504634,106.424647205243,6.16666666666667,3518.5892999999996,28352.6,522578.73,87140.3,143351,250.38,96.2643405707784,143.351,37.58223,12831.222961373389,11951.51,83372.3517798969,1.4291751056111073,7106.354363376251,6896.8445,48111.589734288566,1.4233583648126058,1.014886272882166,0.7026533990353849,0.7210708779536585,0.7108823204152321,161341.81108680938,2.8785234606096193,1.0438646647504635,257.56346,76028.76244970028,530.3678554715369,0.184465132300076
2013 Q4,19655.2499,139.89,10435.0674,5152.589599999999,4075.4575,124.192631263456,0.0225479143180839,106.679247292464,6.23333333333333,3595.7266,31155.6,509592.61,91695,143435,279.67,96.2548592016687,143.435,37.822900000000004,13280.518836228466,12092.674,84307.69338027677,1.4452088014583162,7459.480591893632,6941.2674,48393.12162303482,1.43168735105109,1.0130959803590178,0.6862104054589288,0.7279541267793275,0.7046903432592291,174898.1247769949,3.120383687253453,1.0002254791431808,260.23662,78863.29049332546,549.8190155354374,0.226638813047745
2014 Q1,17314.8198,148.64,9545.3181,4820.031599999999,3446.388,126.59099789015,1.09541253381409,101.624159585024,6.66666666666667,3426.0022999999997,29519.3,486128.66,83831.40000000001,143700,247.79,96.0083436048165,143.7,40.847125000000005,10724.687970936493,12023.077,83667.8983994433,1.4342413879239575,6421.769442949409,6855.3747,47706.156576200425,1.411363818797306,1.019311666097212,0.7289775500419101,0.7715596802993826,0.7478406541279082,162273.07400364784,2.8951382620430364,1.0109541253381409,262.24925,71749.13152394447,499.29806210121416,0.137962274612895
2014 Q2,18977.236100000002,151.21,10165.141599999999,5227.5725,3931.8086000000003,129.935731167738,2.65717055676464,104.199090429133,8.1,3517.2749,30073.1,478248.33,88867.79999999999,144199,265.38,95.1929458613824,144.199,40.823674999999994,11693.322002513063,11979.365,83075.22937052268,1.424081810990873,6722.532636730374,6822.2669,47311.471646821396,1.3996872539862135,1.026421572886963,0.7194041898638042,0.7564254254537626,0.7358340538090015,160504.55253110125,2.8635858050882907,1.0265717055676464,262.69961,76190.42136701313,528.3699704367792,0.203742580935113
2014 Q3,20750.207,151.83,10863.6006,5191.7213,4229.3408,131.997197800047,2.06741573793877,104.173917840366,8.03333333333333,3566.7628999999997,30297.6,454238.84,81881.59999999999,144862,251.58,94.5008059163743,144.862,41.536235000000005,13032.883158796018,11955.532,82530.49108807003,1.414743866507671,7155.108081406836,6917.5554,47752.726042716524,1.412741554184489,1.0158652790405112,0.7333222116304697,0.7435001522343051,0.7378849280022642,158448.8308986604,2.8269093669870737,1.0206741573793876,258.84987,71362.12321603052,492.62141359383776,0.144611368500209
2014 Q4,22157.3956,155.52,11729.589699999999,6186.6092,4743.9981,136.086097731898,-0.233561211758725,86.8188813926923,11.29,3697.005,31615.7,385458.92,69810,145585,274.47,94.8421352043235,145.585,52.9147,13319.69167952675,11966.801,82198.03551190026,1.4090448880928867,7542.17444701646,6994.5206,48044.2394477453,1.4213658388068489,1.0309771722430425,0.9228736507195648,0.8971415117670005,0.9112040978171022,159577.77679126407,2.847051060053045,0.9976643878824127,255.50438,62468.52953905058,429.08630380225003,0.0188012268977457
2015 Q1,18632.1551,162.4526770013867,10220.206199999999,6334.3589,4021.9013,147.107464214876,4.99804763764153,76.6914363962866,15.6666666666667,3511.122,31028.9,356364.13,54120.899999999994,146267,225.62,94.7378401441168,146.267,66.13686000000001,10045.816296311754,11505.156,78658.5901126023,1.3483714496645114,6291.18977209145,6795.296,46458.16212816288,1.374442500115792,1.080988188115226,1.115190910658578,0.9775992262152783,1.0510284057469046,144206.65944533594,2.5728126490795185,1.0499804763764153,238.96807,50891.11837181262,347.93301545675115,-0.177083018339444
2015 Q2,19694.5513,161.72568526748458,10693.716,5499.7453,3698.0836,150.498897491685,6.45221271848271,92.2796076321077,13.2333333333333,3594.9557999999997,31958,361570.55,54944.9,146806,242.54,93.7517777567081,146.806,55.15591500000001,11063.727799580034,11506.933,78381.89856000435,1.3436283823230764,6612.255797409815,6760.5124,46050.65460539759,1.3623865850139334,1.0230541209782207,0.9339835459690077,0.7945730639779789,0.8684539627624445,144644.6810945379,2.580627459047186,1.064522127184827,239.75643,52448.5721069082,357.2644994544378,-0.135054082402593
2015 Q3,22115.9587,164.5300028654312,11003.028900000001,5779.7299,4724.1260999999995,152.716397454727,1.22270742358078,79.6734308862031,11.1833333333333,3653.8626,32074.4,371265.92,45829.1,147100,227.26,93.1070446572485,147.1,66.286485,12800.312729116784,11694.952,79503.41264445956,1.3628534608518326,6687.551637010157,6639.3505,45134.945615227734,1.3352957726319126,1.0147343269618605,1.104289582259149,0.9409321205384672,1.0275355795350054,142777.63951428814,2.547317290068167,1.0122270742358077,234.00584,43556.8924796661,296.10395975299866,-0.306707810558486
2015 Q4,22985.7881,165.44878877874982,11634.0939,6246.6302000000005,4704.9857999999995,155.782264070296,-0.15530629853322,78.9584986434555,11.2133333333333,3784.0014,35179.7,368397.81,43990.5,147048,247.71,92.8605290603963,147.048,68.83829500000002,12961.1971524776,11568.989,78674.91567379358,1.3486513036585708,7031.839873761758,6535.1408,44442.22838800935,1.3148020648734184,1.0200755561725314,1.127550064995838,0.9518267159110894,1.0447821871966456,153573.0459818272,2.7399197566842646,0.9984469370146677,230.91016,42125.589542855465,286.4750934582957,-0.32042951083264
2016 Q1,18804.1939,167.54165464041887,10620.483699999999,5288.364,3975.8932,159.385430676909,-3.11095748358104,72.3644423861672,10.9333333333333,3871.6351,34698.7,387007.25,32265.9,146546,224.18,92.2916469138143,146.546,78.16027,10440.22344027882,11786.155,80426.31665142687,1.3786739505401715,6339.010870337819,6683.5308,45607.05034596646,1.3492627652271636,1.023129504684738,1.248927087571039,1.0488465134379272,1.1545580381521892,148556.14294201217,2.650412436774851,0.9688904251641896,237.23323,30816.800338586352,210.2875570714066,-0.609365862029319
2016 Q2,20417.167100000002,,10943.1657,5303.0635999999995,4228.567400000001,161.545897307568,,,10.81,3918.9388,35867.9,392755.69,,,243.24,,0,,,,,,,,,,,,,,,,,,,,
2016 Q3,22222.4047,109.29270519468966,11608.1005,5482.968,4756.5938,163.132463947792,,,10.2933333333333,3949.3756000000003,36148.8,397742.59,,,230.1,,0,,,,,,,,,,,,,,,,,,,,
2016 Q4,23744.3066,106.9543583542653,12137.465,6064.893,4722.1833,164.72579725457,,,10.18,4011.094,38417.9,377738.06,,,253.8,,0,,,,,,,,,,,,,,,,,,,,
2017 Q1,20299.6105,108.3646202103874,11212.9031,5583.5273,3831.5467000000003,166.747563887541,,,10.05,4078.3993,38555.2,397902.01,,146813,233.75,,146.813,,,,,,,,,,,,,,,,,,,,
2017 Q2,22181.507100000003,106.38425204394919,11634.308,5636.1982,4628.2143,168.32063052799,,,9.27333333333333,4137.8742999999995,,412230.48,,,258.29,,0,,,,,,,,,,,,,,,,,,,,
2017 Q3,23673.8976,103.13259081534787,12415.738,5897.4571,5244.2917,168.635897189402,,,8.62,4151.7109,,424757.64,,,242.8,,0,,,,,,,,,,,,,,,,,,,,
2017 Q4,25494.941,,12950.8976,6848.9113,5337.0911,168.982563850291,,,7.92666666666667,4180.9437,,432731.02,,,275.09,,0,,,,,,,,,,,,,,,,,,,,
2018 Q1,,,,,,170.507597158207,,,7.13,,,457982.89,,146891,259.41,,146.891,,,,,,,,,,,,,,,,,,,,
2018 Q2,,,,,,172.321963794634,,,6.975,,,456734.98,,,280.16,,0,,,,,,,,,,,,,,,,,,,,
2018 Q3,,,,,,,,,,,,,,,,,0,,,,,,,,,,,,,,,,,,,,
