Date,Employment in Manufacturing,Industrial Production,"""Consumer Prices. all items""",Interbank rate,"Interest Rates, Lending Rate",Реальные денежные доходы (HHI_M_DIRI),Unemployment Rate,"""Producer Prices. all items""",Ввод в действие жилых домов (CONSTR_M_NAT),Индекс реальных инвестицй в основной капитал,Реальная зарплата (WAG_M),М2,RTS index,Real Effective Exchange Rate. Consumer Price Index,"Commodity Prices, Natural Gas",Trade Balance ,Total Reserves excluding Gold,"National Currency per U.S. Dollar, end of period, курс на ММВБ",Заявленная потребность в работниках ,Индекс реальнго объема сельхозпроизводства,Индекс реального оборота розничной торговли ,Сальдо консолидированного бюджеьа,"Goods, Value of Exports","Goods, Value of Imports"
1992 Jan,189.432983539258,,0.0158098697365022,,,,,,,,,1,,,,,,,,,,,2569.2,
1992 Feb,189.595283746907,,0.0218176296363728,,,,,0.018904982850087782,,,,1.2,,,,,,,,,,,2621,
1992 Mar,190.024901943624,,0.0283410995276483,,,,,0.02190171681607121,,,,1.3,,,,,,,,,,,2957.7,
1992 Apr,190.063090227777,,0.0344911094251482,,,,,0.025648063113557065,,,,1.5,,,,,,,,,,,3148.2,
1992 May,189.509360107563,,0.0385955593567407,,,,,0.029999931500334365,,,,1.6,,,,,,,,,,,3517.8,
1992 Jun,188.459182293365,,0.0459673092338782,,,,,0.03720444361088409,,,,2,,,,,,,,,,,3933.4,
1992 Jul,188.020017025609,,0.0508398391526694,,,,,0.043515253147720395,,,,2.6,,,,,,,,,,,3340.2,
1992 Aug,186.616597582999,,0.0552120690797989,,,,,0.047002580081231725,,,,3.3,,,,,,,,,,,3455.7,
1992 Sep,185.26091349558,,0.0615614589739757,,,,,0.05028749453163714,,,,4.4,,,,,,,,,,,3664.7,
1992 Oct,184.210735681382,,0.0756590287390162,,,,,0.0638611384199181,,,,5.5,,,,,,,,,,,4056.5,
1992 Nov,183.275122719642,,0.0954060384098994,,,,,0.08112280636479001,,,,5.9,,,,,,,,,,,4368.5,
1992 Dec,182.329962686863,,0.119448398009193,,,100,,0.09734753917375066,,,,6.2,,,,,,,,,,,4743.4,
1993 Jan,176.46806106943,,0.150265997495567,,,73,,0.12849847725174662,500,,100,7,,,,,,,,100,,,2698,
1993 Feb,177.565974238819,,0.187381696876972,,,79.6,,0.1674371498492416,500,,99.04,7.5,,,,,,,,106.7,,,2892.9,
1993 Mar,174.816417779828,,0.225045496249242,,,85.9,,0.1985889456072508,3200,,101.77,8.6,,,,,,,,135.5,,,3042.8,
1993 Apr,175.685201244301,,0.26712899554785,,,85,,0.24044801864955803,1200,,110.05,10.7,,,,,,,,152.9,,,3167.4,
1993 May,174.205405233386,,0.315479294742012,,,83.3,,0.28328055850680267,1300,,115.47,13,,,,,,,,177.5,,,3625,
1993 Jun,173.498921976561,,0.378259693695672,,,98.3,,0.32806088967393515,4800,,120.65,15.3,,,,,,,,212.8,,,3902,
1993 Jul,172.563309014821,,0.462989892283502,,,95.3,,0.41956677027804856,1800,,116.38,17.9,,,,,,,,271.7,,,3387.5,
1993 Aug,171.32218977986,,0.583367290277212,,,95.1,,0.5285959112310478,1500,,107.85,20.5,,,,,,,,429.2,,,3678.7,
1993 Sep,169.699187703372,,0.71754178804097,,,93.2,,0.6395719858139217,4000,,108.93,21.1,,,,,,,,627.1,,,4084.8,
1993 Oct,168.553539178792,,0.857462285708962,,,84.8,,0.7612561953611071,2000,,103.39,23.8,,,,,,,,290.7,,,3729.7,
1993 Nov,167.016460741648,,0.99808618336523,,,89.9,,0.8751526703887935,2000,,99.35,26,,54.3,,,,,,230,,,4608.7,
1993 Dec,165.527117659694,,1.12284698128588,,,116.9,,0.9686063423027947,19000,,119.75,31.6,,51.51,,,5835.00490314222,,,143,,,5479.9,
1994 Jan,162.071077943879,,1.32383697793605,,,78.3,6.4,1.1526413157667224,500,100,97,32.9,,50.78,,,,,283,88,100,,4101,3422.56449705788
1994 Feb,161.068635484871,,1.46707597554873,,,87.7,6.8,1.3269905088420269,500,101.9,94.09,35.3,,51.67,,,,,275,92.9,100,,4505,3811.08264359342
1994 Mar,158.958732785437,,1.5757859737369,,,96.5,7.1,1.4625957226828228,3000,92.3,99.74,38.3,,51.5,,,4601.84897295021,,290,116.5,117.7,,4687,4096.46324091978
1994 Apr,156.743812304583,,1.70956997150717,,,103.3,7.4,1.617572497300866,1000,106.7,95.75,45,,55.35,,,,,325,131.5,107.6,,4831,3702.93841723817
1994 May,154.213838479469,,1.8277019695383,,,95,7.4,1.7241195122957784,1300,129.2,95.84,50.6,,56.29,,,,,347,152.7,102,,5947,4101.46991806585
1994 Jun,152.657665900249,,1.9373639677106,,,105.5,7.4,1.869410506525198,4300,134.2,102.55,57.6,,56,,,8047.54487959792,,374,185.1,106.6,,6577,4302.73833933813
1994 Jul,151.111040392066,,2.04062496598958,,,108.6,7.5,2.0147015007546183,1600,125.8,103.58,62.4,,54.85,,,,,382,239.1,111.4,,5794,3882.1774590677
1994 Aug,149.144343758204,,2.1349019644183,,,115.1,7.7,2.1309342961381543,1600,129.6,104.61,68.8,,53.62,,,,,406,373.4,117,,6195,4199.60079012895
1994 Sep,147.39722975822,,2.304839961586,,,114.8,7.7,2.285911070756198,3700,123.5,105.66,74.7,,52.94,,,4161.28511595271,,412,576.9,116.2,,6699,4483.9800520261
1994 Oct,146.089281025991,,2.6505659558239,,,109.1,7.7,2.537748222300517,1700,121.6,96.15,77.9,,47.12,,,,4.05,384,250,116.2,,5883,4280.70895989539
1994 Nov,145.946074960419,,3.03781394936977,,,103.6,7.8,2.857388409605241,1700,166.4,89.42,81.7,,49.85,,,,4.47,359,197.8,110.9,,6157,4771.36332021089
1994 Dec,145.42098605332,,3.53722994104617,,,121.2,7.8,3.2254592142131084,18300,229.1,96.57,94.8,,53.43,,,3980.41197832161,4.9,326,121.5,119.1,,6450,5464.28743722787
1995 Jan,144.628579157152,66.7493658928094,4.16579593057007,822.7,386.3,82.4,7.9,3.9189329581341292,400,63.7,69.53,90.9,,52.89,2.59,1873.8425723705302,2092.98896072903,5.12,311,80.1,98.6,1.6999999999999993,5741,3867.15742762947
1995 Feb,144.972273714526,66.4156190633453,4.62486692291888,233,449.4,80.8,8.1,4.5801519298002145,600,88.2,66.75,98.7,,50.61,2.59,1775.9037656321698,3109.78521429852,4.99,316,82.6,92.3,0.10000000000000142,6347,4571.09623436783
1995 Mar,144.523561375732,70.5333874452727,5.03833091602782,243.8,422.1,88.9,8,5.073647286492664,3300,86.1,68.75,104,,47.26,2.59,1963.3215184942999,4148.02607399964,4.54,330,103.7,99.2,-3,6971,5007.6784815057
1995 Apr,144.399449452236,64.6791162873151,5.46507690891539,175,416.7,89.7,8.2,5.825179105864554,1200,88.8,67.38,119.4,,46.78,2.69,2285.1054154436797,5830.08472168999,4.45,368,117,93.2,0,6705,4419.89458455632
1995 May,143.731154479565,65.3259074501883,5.89845790169237,87.5,404.1,90.6,8.3,6.341252031223444,1500,104.4,69.4,133.9,,49.84,2.69,2072.5218328766005,8661.19445541619,4.45,405,135.9,102.5,0.9000000000000057,6930,4857.4781671234
1995 Jun,143.387459922191,66.8284033215426,6.29129489514509,93.4,316.1,94.3,8.4,6.725081848393126,5000,115.4,72.87,151.7,,56.99,2.69,1656.85545369816,10085.4626409725,4.5,445,164.8,102.4,-6.700000000000003,7014,5357.14454630184
1995 Jul,142.87191808613,65.892805675041,6.6297658895039,209,283.2,91.4,8.5,7.176646086922161,1800,111.5,72.14,159.9,,61.7,2.77,1177.7272524934997,10320.6811148718,4.5,454,243.8,102.4,0.3999999999999986,6631,5453.2727475065
1995 Aug,142.108152403077,68.1990538736674,6.93208388446527,182.5,253.4,91.4,8.8,7.660465097706131,1800,115.5,71.85,168.4,,67.13,2.77,1488.1078498198603,10916.2266085617,4.58,460,388.3,106.3,4.899999999999999,6656,5167.89215018014
1995 Sep,141.25846308068,67.5852623888044,7.24125487931242,91.4,216.7,92.4,8.9,8.095902378947706,3800,117.1,74.73,174.1,96.77,68.69,2.77,2047.1185332535802,11154.3029925348,4.64,446,496.2,105.9,0.7999999999999972,7207,5159.88146674642
1995 Oct,140.313303047902,70.0183318348014,7.58304187361597,39.6,233.3,86.8,9.2,8.46683011567941,1800,120.4,75.47,178.5,77.28,70.07,2.82,1453.3987369065303,12702.8706034705,4.73,404,230,108.4,-5.399999999999999,7153,5699.60126309347
1995 Nov,139.559084435887,67.3576352250789,7.92882886785285,38.7,237.5,87.7,9.1,8.708739621071398,1800,151.1,74.79,189.1,71.66,71.8,2.69,1374.4585947389603,12341.7747577796,4.82,352,180,108.6,-9.699999999999996,7779,6404.54140526104
1995 Dec,138.432530053384,70.1866559045322,8.18255086362415,68.6,224.9,97.3,9,8.870012624666051,18000,255.5,86.76,213.9,78.99,72.68,2.69,1058.0365991069298,14382.7762099987,4.86,309,110.6,116,-38.7,7779,6720.96340089307
1996 Jan,135.425202676362,63.6592969054107,8.5188538580191,36.5,203.6,81.8,9.1,9.15556754881364,400,83.5,73.75,210,84.58,73.85,2.68,1176.6714009487105,11897.5169023674,4.94,294,75.8,106.2,-3.6999999999999993,5922,4745.32859905129
1996 Feb,134.737813561614,64.8051642497081,8.75652985405784,34,183.8,85,9.3,9.40668393080482,600,86.5,75.22,222.1,77.23,74.33,2.68,1237.37069289301,12688.6634788807,5.03,287,77.4,96.4,-8.2,6958,5720.62930710699
1996 Mar,134.995584479644,69.7303567326859,9.00171284997145,97,176.1,88.4,9.2,9.651013383552996,3400,91.7,79.74,234.3,71.18,74.86,2.68,2088.12630934661,16331.135861311,5.11,289,99.2,101,-10.600000000000001,7992,5903.87369065339
1996 Apr,136.122138862148,67.0108728201112,9.19614984673084,44,177.3,90.2,9.5,9.881768977815163,1300,86.9,78.14,243.2,90.71,75.7,2.69,1137.9286658227502,14269.0181238081,5.19,309,113.2,101.9,-16.799999999999997,7190,6052.07133417725
1996 May,131.921427605355,61.0469051391213,9.34328784427854,35.6,174.2,83.9,9.6,9.983572916460238,1500,88.4,80.48,246.3,120.33,75.61,2.69,2037.46150207965,12004.2687013138,5.35,327,131.4,99.9,-9.299999999999997,7690,5652.53849792035
1996 Jun,131.444074053447,60.5585298980083,9.45260484245659,89.3,177.6,90.6,9.6,10.153246147535361,4900,102,85.39,258.6,169.79,75.59,2.69,1588.70321476762,12792.3483787673,5.41,346,152.9,99.9,-10.400000000000006,7060,5471.29678523238
1996 Jul,130.565743517936,61.7697004959685,9.52066284132229,56.3,151,89.7,9.7,10.275410873909449,1700,103.3,85.39,263.5,170.97,74.17,2.69,1438.9500326901903,12496.9055216065,5.45,350,216,101.2,-7.799999999999997,7475,6036.04996730981
1996 Aug,129.630130556196,61.3373125924967,9.5006698416555,37,125.2,90.6,9.7,10.485805680442603,1400,109.2,84.54,266.7,176.78,71.46,2.69,1409.3119340075398,12088.6538834946,5.51,343,366.2,103.3,-9.300000000000004,7174,5764.68806599246
1996 Sep,128.159881616319,63.0547573450866,9.53202184113297,47.1,152.3,87.9,9.8,10.669052770003734,2500,117.7,86.23,267.4,171.95,70.87,2.69,2008.98632576126,11398.5460465768,5.55,333,464.9,105,-0.20000000000000284,7268,5259.01367423874
1996 Oct,126.85193288409,67.720809388623,9.64640683922655,34.2,90.6,96.6,9.8,10.960890727452947,1300,109.2,84.51,270.1,177.3,71,2.94,3105.4574957920104,10514.8098417741,5.63,341,239,105.1,-3.1000000000000014,8761,5655.54250420799
1996 Nov,125.639454862243,63.589840015917,9.82775883620402,30.6,83.1,93.7,9.9,11.055907736855017,1600,118.1,81.97,273.5,188.14,71.15,2.94,2678.58970328432,11652.9318158267,5.68,274,170.5,104.9,-3.5,8235,5556.41029671568
1996 Dec,124.598824119083,68.8677967372381,9.9673138338781,30.2,66.9,115.3,10,11.14413781701408,13700,181.5,98.37,288.3,188.57,71.8,2.94,2492.5373850626697,11276.4348191364,5.73,255,105.8,117.6,-11.299999999999997,8838,6345.46261493733
1997 Jan,123.052198610901,62.4630916406749,10.2005498299908,21.1,44.2,89.5,10.1,11.26630254338817,400,68.2,76.73,289.9,257.24,74.04,3,1978,9929.45913558542,5.74,257,72,107.9,-5.800000000000001,6708,4730
1997 Feb,122.574845058993,64.4619105731765,10.3576398273727,25.8,46.1,89.7,10.3,11.4495496329493,600,72.7,76.73,299.5,314.55,76.6,2.94,1521,11126.8235755564,5.77,263,72.7,99.9,-7.5,6486,4965
1997 Mar,121.954285441512,68.3940871181403,10.5057498249042,32.4,41.6,92.2,10.5,11.598862076295411,3000,82.4,82.86,305.8,316.29,77.85,2.76,1551,12428.7462968023,5.77,273,93.1,104.3,-16.6,7096,5545
1997 Apr,121.171425616382,66.273870417478,10.6066098232232,28.2,32.5,99.5,10.7,11.693879085697478,1100,80.4,82.03,317.8,295.87,78.28,2.73,776,14067.7178605966,5.81,318,108.8,105.7,-6.100000000000001,6838,6062
1997 May,120.512677714749,61.1707823953322,10.7063098215615,14.8,34,91.7,10.9,11.748174519641516,1200,81.6,83.02,328.4,353.31,78.19,2.73,1199,15884.117841862,5.84,334,126.3,103.4,-5.200000000000003,6610,5411
1997 Jun,119.853929813116,60.4979037889835,10.8240798195987,16.1,28.6,100.7,10.9,11.843191529043587,3900,99.1,88.66,352,382.76,78.74,2.73,1130,20395.725478505,5.86,358,149.2,102.2,-19.5,6824,5694
1997 Jul,119.433858687436,63.7647905935886,10.924739817921,14.3,28.8,96.5,10.9,11.87033924601561,1500,101.2,88.4,363,485.47,80.14,2.6,1178,20186.0866963312,5.9,385,211.9,102.9,-10,7502,6324
1997 Aug,118.775110785803,64.8487920336797,10.9094498181758,16.2,28.3,94.4,10.9,11.924634679959645,1400,107.5,86.98,364.6,531.25,80.99,2.6,952,19603.9242800262,5.93,403,397.7,106.8,-4.299999999999997,6953,6001
1997 Sep,117.75357418472,65.5621287460501,10.8767198187213,15.6,24.8,92.6,11,11.944995467688662,3200,119,91.16,363,491.42,78.98,2.6,989,18736.9665670717,5.97,415,528.1,111.5,-7.600000000000001,7072,6083
1997 Oct,117.037543856857,70.5448505307499,10.8952098184132,18.2,24,94.7,11.1,11.951782396931668,1500,109.6,89.15,368.8,515.7,77.86,2.45,1166,18447.7240961692,6.05,397,253.5,111.6,-8.000000000000007,7852,6686
1997 Nov,117.037543856857,68.5695947158889,10.9616698173055,20.5,23,93,11.2,11.978930113903688,1900,117.6,87.91,357.4,374.86,78.14,2.45,1797,12201.4181255445,6.05,379,160.6,113.3,-5.299999999999997,8152,6355
1997 Dec,116.579284447025,72.6837703988423,11.0668998155517,28.4,28.6,122,11.2,11.972143184660684,13000,188.2,106.01,374.1,368.37,80.11,2.45,675,12894.7007084053,6.09,369,101.7,131.6,-22.5,8802,8127
1998 Jan,118.460057441544,64.2524530325766,11.2340098127665,24.1,29.8,79.8,11.4,12.07394712330576,500,65.3,83.01,361.2,328.35,81.23,2.49,78,10479.6956658891,6.11,364,69.4,110.3,-9.799999999999997,5706,5628
1998 Feb,118.3741338022,65.2162398280652,11.3339898111002,30.3,30.4,82.8,11.6,12.14181641573581,600,69.6,82.51,362.9,303.94,81.39,2.49,-185,10212.1282402344,6.14,368,72,100.7,0.7999999999999972,5682,5867
1998 Mar,118.316851375971,70.1074578151701,11.4065298098912,25.9,38.3,84.2,11.7,12.135029486492805,3100,76.3,88.29,360.4,337.91,81.3,2.49,209,11910.4828630971,6.23,389,95.2,104.2,-15.5,6555,6346
1998 Apr,117.266673561773,66.9526222134874,11.4498798091687,29.5,38.8,90.5,11.7,12.135029486492805,800,74.5,86.52,368,314.04,80.67,2.37,114,10956.6181583129,6.27,414,111.5,104.5,-8.600000000000001,6162,6048
1998 May,116.388343026262,59.4539285255768,11.5071298082145,47.6,40.4,82,11.5,12.03322554784773,1200,77.6,86.26,370,248.78,80.09,2.37,407,9625.57717947674,9.33,442,128.9,103.8,-8.399999999999999,6045,5638
1998 Jun,115.767783408781,58.7404813832699,11.5163298080612,56.1,48,83.9,11.3,12.03322554784773,3400,93,92.21,368.6,180.33,80.32,2.37,735,11160.4611264245,15.91,467,147.4,102.8,-15.699999999999996,6437,5702
1998 Jul,114.965829441576,58.0355956066707,11.5359098077348,58.8,44.9,85.7,11.3,11.931421609202658,1200,96.1,90.74,359.4,158.72,80.32,2.21,1158,13805.1185956319,16.01,451,173.4,105.1,-9.800000000000004,6653,5495
1998 Aug,113.925198698416,57.3391684593906,11.9592798006787,45.3,48.6,83.2,11.6,11.788896095099552,1400,102.3,83.48,343.6,103.46,77.18,2.21,1269,8197.64130070416,17.88,451,290.3,112.6,-2.3000000000000043,6175,4906
1998 Sep,112.836832600065,55.7336717425277,16.5552297240795,139.7,46.8,68.3,11.9,12.664409967447188,3100,97.7,63.44,365.8,56.06,49.55,2.21,3309,8840.27255090044,20.65,399,423,109,-0.4000000000000057,6339,3030
1998 Oct,112.025331561821,62.310245008146,17.3068397115527,84.9,49,77.4,12.3,13.404185254934726,1200,90.4,60.97,377.6,51.07,45.7,1.91,2947,9656.09416605286,22.6,347,208.2,100.8,-6.799999999999997,5867,2920
1998 Nov,111.414319015378,62.1233142731215,18.2881296951978,36.7,44.8,72.8,12.8,14.082878179235218,1900,96.7,59.81,396.9,63.47,47.14,1.91,2806,8174.8303820537,22.86,327,136,101.3,-10.800000000000004,5748,2942
1998 Dec,110.841494753089,67.8386591862487,20.4113896598102,27.8,41.7,89.3,13.2,14.754784174292707,12300,142.5,67.89,448.3,61.16,43.37,1.91,3581,7801.37665501475,24.16,328,96.1,113.4,-8.600000000000009,7074,3493
1999 Jan,110.230482206646,61.8688571778588,22.1218596313023,28.1,45.5,58.6,12.2,15.77961048998645,700,60.6,49.22,444.2,57.29,42.78,1.79,1815,7078.1980207591,24.16,329,67,92,3.3999999999999986,4506,2691
1999 Feb,110.478706053638,58.2185946043652,23.0354896160752,20.4,44.1,62.9,14.6,16.65512436233408,900,65.7,48.77,463.9,64.34,44.76,1.79,1982,7284.23622478182,24.44,357,70,89.1,-7.200000000000003,4933,2951
1999 Mar,110.707835758554,65.7287933083283,23.6781796053637,20.7,45.7,65.5,14.1,17.299882640419554,2500,73,54.48,473.8,79.71,46.37,1.79,2365,6678.55286576307,24.21,388,93,94.5,-13.300000000000011,5834,3469
1999 Apr,110.860588895165,61.8507945031369,24.3956295934062,15.2,43.8,70.2,13.4,17.931067060019007,1000,71,54.48,509.6,78,45.75,1.67,3279,7074.33023421587,24.19,464,110.5,92.2,-4.400000000000006,6557,3278
1999 May,110.851041824127,57.830492860433,24.9372195843797,7.1,43.5,66.7,12.7,18.575825338104476,1100,77.5,55.13,542.4,96.46,47.14,1.67,2255,8033.70293330181,24.81,535,129,92.4,-9.399999999999991,5133,2878
1999 Jun,111.29975416292,58.2450483648088,25.4135195764413,8.4,32.2,69.5,12.3,19.261305191647974,3400,96.3,59.38,567.7,114.64,48.68,1.67,1443,8189.50647705888,25.05,610,147.9,93,-7.299999999999997,5395,3952
1999 Jul,111.748466501714,60.2141870105942,26.130179564497,9,38.9,68.2,12.1,19.86534189427541,1200,98.8,57.54,583.2,133.55,50.37,1.73,3042,7826.91871409123,26.05,651,184.1,93,0.29999999999999716,6280,3238
1999 Aug,111.070624458004,60.5251036388761,26.4332895594452,9.3,38.5,71.3,12,20.80193812981009,1300,105,56.45,590.8,107.12,49.6,1.73,3056,6823.75240026082,26.53,673,304.5,99.1,1.7000000000000028,6165,3109
1999 Sep,111.76756064379,62.9087977890373,26.824499552925,18.2,37.8,70.6,12.1,22.037159252036982,3400,109.3,58.2,597.4,92.31,48.44,1.73,3299,6633.4846905655,27,682,448.4,99.6,-0.30000000000001137,6436,3137
1999 Oct,111.910766709363,63.737908797789,27.1919995468,16.1,37,72.3,12.4,23.25201958653487,1600,103.9,58.43,625.1,94.56,47.76,2.04,3601,7080.87823433574,28.55,663,228.3,101.6,6.799999999999997,6979,3378
1999 Nov,112.073066917012,64.9815753109166,27.5264595412257,13.2,38.3,73,12.6,24.154681175854517,2200,108.4,60.18,646.5,111.38,47.39,2.04,4144,7598.52701984578,28.65,617,145.4,102.2,19.80000000000001,7607,3463
1999 Dec,112.302196621928,80.8383233532934,27.8732895354452,11.8,31.3,99.3,12.4,24.684061656808904,12700,174.8,74.87,704.7,130.64,47.05,2.04,5734,8457.23088156576,28.6,588,99,118.5,-44.099999999999994,9726,3992
2000 Jan,112.235367124661,68.936625590226,28.522739524621,11.8,34,60.2,12.2,25.68174025553063,900,65.4,60.57,695,188.92,45.29,3.06,3912,8912.40467551443,28.4,598,68.8,98.5,19.099999999999994,6801,2889
2000 Feb,112.922756239408,66.4465333073185,28.8193695196772,11.3,31.3,71.3,12.1,26.63191034955132,1100,76.2,60.2,726.6,179.22,45.72,3.06,4521,9606.19265271137,28.23,622,72.9,96.4,13.5,7950,3429
2000 Mar,113.361921507164,71.2430827490252,29.003819516603,6.5,29.8,77.2,11.4,27.324177132337823,2100,84.5,65.56,751.4,216.38,46.6,3.06,5480,11456.4011192522,28.05,672,97.3,102.5,3.6999999999999886,9142,3662
2000 Apr,113.400109791317,73.3805955936449,29.2619495123008,11.1,29.2,78.3,10.8,27.75175367464713,1200,82.7,65.69,787.9,217.04,47.3,3.24,4869,13409.8702848172,27.82,775,112.2,100.5,28.69999999999999,8255,3386
2000 May,113.390562720278,64.602836661272,29.774039503766,7.6,25.5,75.9,10.2,28.233625650900482,1400,94.6,66.41,831.6,203.33,49.94,3.24,5067,15877.6906107686,27.75,868,131.1,99.9,43.19999999999999,8469,3402
2000 Jun,113.676974851423,65.565084711599,30.5332694911122,5.1,23,81,10.1,28.885170858228957,3100,115.5,70.67,892.2,187.43,50.53,3.24,5141,17684.6397611629,27.75,899,150.3,100.8,18.69999999999999,8733,3592
2000 Jul,114.001575266721,65.9323549598155,31.079819482003,3.4,22.7,78.4,10,29.855701739978652,1300,115.5,69.82,931.2,186.07,52.69,3.59,4974,19955.2268514992,27.82,909,192.8,102.2,23.599999999999994,8576,3602
2000 Aug,113.934745769454,67.2912548782163,31.3843994769267,4.6,20.9,80.2,9.8,30.37150836244703,1400,128.4,68.77,960.1,224.24,54.49,3.59,5331,20288.9434812109,27.89,937,361.2,108.1,23.5,9106,3775
2000 Sep,113.514674643775,67.3573635228953,31.798679470022,3.3,20.5,81.1,9.8,30.941610418859437,3200,130.6,70.21,992.4,211.44,56.5,3.59,5204,21473.9342513758,28.16,926,478.5,108.1,17.099999999999994,8954,3750
2000 Oct,113.552862927927,71.4560994929908,32.4696294588395,5.2,20,79.8,9.8,31.776402715749047,1600,122.8,70.57,1001.2,194.09,58.01,3.93,4765,22289.9094671528,28.4,880,237.3,110.2,23.299999999999983,8897,4132
2000 Nov,113.543315856889,71.4560994929908,32.9631694506138,8.5,18.1,84,9.8,32.17004461184333,2000,128.4,71.91,1036.4,175.32,58.82,3.93,5700,24035.2111967182,28.62,821,149.2,111.6,34.30000000000001,10052,4352
2000 Dec,113.571957070004,76.2306127198045,33.503759441604,7.3,18.2,104.5,9.9,32.48903028626456,11000,198.2,85.42,1144.3,145.81,58.3,3.93,5210,24264.3391551902,28.74,751,98.3,129,-41.30000000000001,10101,4891
2001 Jan,113.12324473121,69.1790239540488,34.4284694261922,5.4,18.6,67.2,10,33.09859154929581,1000,70.7,75.43,1079.3,163.1,57.89,4.22,5131,25888.5323137021,28.83,750,69.9,104.3,53.19999999999999,8366,3235
2001 Feb,113.581504141042,66.791767340642,35.2134394131093,12.1,19.1,75.3,10.2,33.45070422535215,900,80.4,71.58,1109.7,170.69,59.17,4.22,4497,24590.7131845265,29.14,760,73.7,103.5,-3.6999999999999886,8245,3748
2001 Mar,113.562409998965,72.8737626511062,35.8683994021933,8.3,18.8,82.1,9.6,33.68544600938971,2100,88.2,78.6,1149.5,173.06,60.77,4.22,4640,25942.1702271696,29.07,794,98.9,110.4,20.400000000000006,8949,4309
2001 Apr,113.457392217546,69.340622863264,36.5104493914925,9,17.5,84.7,9.1,33.94953051643196,1200,88.7,76,1210,170.41,62.1,4.26,4102,27868.2884471279,29.32,900,115.3,110.4,49.900000000000006,8461,4359
2001 May,112.941850381485,69.0541520696552,37.160339380661,6.9,18.1,79.1,8.6,34.330985915492995,1300,105.6,78.06,1233.7,198.79,62.9,4.26,3962,29748.6136584265,29.41,1038,135.6,111.5,57.89999999999998,8535,4573
2001 Jun,112.941850381485,68.3489931930796,37.7623293706278,13.2,18,88.9,8.6,35.18192488262915,3200,123.1,82.51,1294.3,216.34,64.31,4.26,4473,31251.1592837569,29.39,1109,154.5,112,1.3000000000000114,9157,4684
2001 Jul,112.951397452523,69.0982244994412,37.9322593677957,6.2,18.6,86.4,8.6,35.38732394366201,1400,124.7,84.07,1330.2,203.11,64.01,3.78,3651,32694.5795594436,29.68,1133,222.5,113,29.400000000000006,8080,4429
2001 Aug,112.531326326844,70.1118903845186,37.9360593677323,7.3,18.1,90.5,8.6,35.357981220657315,1600,139.4,84.33,1365.5,197.61,62.94,3.78,4420,33685.7620204571,29.9,1153,426.9,120.1,22.19999999999999,9026,4606
2001 Sep,111.939407922477,70.435088202949,38.1636693639389,8.1,17.2,89.8,8.7,35.29929577464792,3600,143.1,84.41,1414.4,195.14,62.83,3.78,4286,34043.9984892819,30.14,1143,496.2,119.6,-4.799999999999983,8489,4203
2001 Oct,111.672089933409,76.1718494800898,38.5796593570057,7.3,17.4,89.9,8.8,35.446009389671396,2100,136.4,86.27,1441.2,189.77,63.39,3.24,3178,34016.3637079355,30.68,1077,239.9,123.3,36.900000000000006,7987,4809
2001 Nov,111.25201880773,75.5107630333002,39.104339348261,13.5,17,90.5,8.9,35.504694835680795,2600,139.8,86.61,1439.1,220.3,63.93,3.24,3308,33276.9023295857,30.94,976,158.9,124.4,49.5,8370,5062
2001 Dec,111.003794960737,77.4132229190614,39.7300093378332,23.9,16.5,111.6,8.7,35.38732394366201,10700,220.9,108,1602.6,242.85,63.83,3.22,2473,32542.4007477505,31.12,887,103,142.7,-45.69999999999999,8221,5748
2002 Jan,110.851041824127,71.7646065014926,40.9576693173722,10.7,17.9,75.4,8.6,35.4753521126761,1300,70.7,87.16,1502,286.5,64.87,2.79,2681.8,32316.6504825308,31.2,858,72.2,114.8,105,6732,3682
2002 Feb,110.93696546347,68.7456450611534,41.4327793094537,13.3,15.9,83.3,8.4,35.269953051643235,1200,80.3,85.33,1522.9,291.78,65.44,2.79,2270.6,32768.306028382,31.31,829,77.3,112.6,6.199999999999989,6675,4004
2002 Mar,110.621912119211,74.7982587517604,41.8802493019958,12.6,15.8,88.4,8.3,35.29929577464792,2300,91.1,91.39,1562.4,333.55,66.36,2.79,3350.8,33179.2201027457,31.45,853,104.4,120.8,11.5,8479,4662
2002 Apr,110.058634927959,71.9555870305651,42.366059293899,9.7,18.3,98.8,8.3,36.03286384976529,1500,91.8,92.03,1621.3,369.63,66.23,2.56,3853.9,35024.5121230176,31.45,927,120.2,121.2,40,9498,5131
2002 May,109.371245813211,68.7162634412961,43.0820492819659,5.2,17.7,85.1,8.2,36.79577464788736,1500,109,92.12,1686,399.88,65.9,2.56,3414.7,38495.8991068663,31.57,1022,139.1,118.5,41.80000000000001,8566,4683
2002 Jun,109.056192468952,69.7446201363021,43.3103792781603,6.4,15.2,92.9,7.5,37.910798122065756,3400,127.2,97.55,1751.1,370.71,64.92,2.56,2777.5,39847.9864984966,31.68,1070,156.2,120.6,-19.900000000000006,8228,4955
2002 Jul,108.731592053654,73.0280161553571,43.622219272963,13.4,16,97.5,7.3,38.879107981220685,1700,129.6,99.7,1776.1,359.5,64,2.52,3268.1,39563.5272710441,31.77,1070,230.2,125,54.39999999999998,9273,5459
2002 Aug,108.044202938906,73.828665296469,43.6614792723087,4.9,14.9,98.3,7.1,39.64201877934275,1900,141.2,97.71,1812.5,336.43,64.43,2.52,4300.3,40596.2391774748,31.84,1086,410.7,130.8,11.5,9951,5137
2002 Sep,107.041760479899,73.5348490978958,43.836119269398,6.1,13.4,95,7.6,40.08215962441317,3700,146.9,97.51,1846.6,336.32,64.42,2.53,4063.1,41887.3376109414,31.78,1061,471.4,131.4,13.800000000000011,9705,5129
2002 Oct,106.564406927991,78.6839779778903,44.3051692615805,6.8,13.7,104.6,8.1,40.90375586854463,2300,140.6,99.17,1884.6,350.49,64.97,2.78,3440.4,43034.3302455593,31.83,985,262.4,135.7,-23.100000000000023,9904,5876
2002 Nov,105.991582665701,76.0837046205179,45.018479249692,4.1,14.7,104.5,8.5,41.578638497652605,2900,143.8,98.77,1930,353.45,64.99,2.78,2935.6,44469.696754674,31.6,892,174.6,136.5,-7.5,9254,5744
2002 Dec,105.456946687564,80.5717470537228,45.7117692381372,5.1,14.9,127.9,8.8,41.637323943662004,10100,227.8,118.92,2119.6,350.89,64.88,2.81,3881.5,44053.6011746312,31.38,818,102.2,155.9,-121.80000000000001,11037,6505
2003 Jan,104.359033518175,75.2536738595487,46.8088492198525,7.3,14.5,88.1,9.3,41.84272300469486,1700,76.3,95.85,2026.5,351.82,64.6,3.15,4421.8,45533.636226358,31.1,805,72,125.2,95.69999999999999,9627,4732
2003 Feb,104.273109878831,74.3501890489363,47.5718292071362,2.5,14.1,99.1,9.6,42.51760563380285,1500,89.3,94.41,2108,366.41,65.22,3.15,4127.8,49325.9323308399,30.73,838,77.1,123.1,-6.5,9861,5212
2003 Mar,103.958056534572,82.3052626253044,48.071339198811,2.8,13.3,104.1,9.2,43.104460093896755,2400,101.1,98.95,2208.5,375.29,66.31,3.17037037037036,4951.3,51790.0360539078,30.38,853,103.4,133.1,16.30000000000001,11592,6037
2003 Apr,103.356591059168,80.0061508714695,48.5616691906389,2,15.7,108.2,8.8,43.57394366197185,1700,103.4,100.13,2311.2,393.96,67.23,3.57777777777778,3346.5,56110.8144231168,30.28,927,118.4,131.9,66.59999999999997,10172,6205
2003 May,102.611919518191,76.2453035297332,48.950159184164,1.3,12.5,102.9,8.5,43.57394366197185,1700,125.3,101.63,2432.4,445.75,66.09,3.57777777777778,3941.1,61144.4070699326,30.5,1022,135.5,130.6,56.700000000000045,10452,5919
2003 Jun,102.210942534588,76.7741726871649,49.3417591776374,1.4,11.8,107.1,8.4,43.75000000000002,3700,142.3,107.22,2604.5,481.35,67.05,3.58,4441.3,60690.6917797857,30.59,1054,149.8,131.3,-14.5,11126,6077
2003 Jul,101.924530403443,79.6168444083601,49.6920891717985,4.1,11.9,109,8.3,44.71830985915496,2000,144.5,107.87,2625.4,470.83,68.47,3.61,4015.5,60709.8742727096,29.93,1044,210.9,134.8,44,11402,6715
2003 Aug,101.246688359733,78.9043401268202,49.4883491751942,3.9,11.8,108.7,8.2,45.51056338028171,1900,157.9,106.03,2683.2,495.41,68.9,3.61,4982.1,59010.5910525011,29.74,1060,369.6,138.9,3.099999999999966,11988,6369
2003 Sep,100.463828534604,81.1079616161188,49.6566091723899,9.9,13.2,109.8,8.2,46.156103286385,3700,165.3,106.99,2732.1,548.5,67.91,3.61,4417.1,58330.2636431869,29.31,1033,513.8,140.5,-0.6999999999999886,11555,6489
2003 Oct,100.043757408925,85.6547672890383,50.1531791641137,5.2,12.5,116.5,8.2,46.53755868544604,2500,158.4,111.91,2740.1,595.53,67.87,3.6,4859,61183.7900892001,28.5,969,292.1,145.3,63.89999999999998,12647,7080
2003 Nov,99.6332333542835,83.3409647252748,50.6346491560892,3.4,12,116.6,8.2,46.62558685446013,2700,162.2,113.14,2821.3,523.07,69.05,3.6,4077.5,64414.6754578118,28.52,885,179.5,146.2,18.100000000000023,11541,6785
2003 Dec,99.2131622286043,91.8395982690032,51.1916291468062,1.4,12.4,152,8.6,46.860328638497684,10800,262.4,137.24,3212.7,553.1,68.74,3.6,4672,73174.9467249168,28.51,804,101.2,168.7,-172,13967,8450
2004 Jan,114.688964381469,81.0051259466182,52.0874791318753,1.1,12.2,106.4,9.1,48.73826291079816,1800,91.9,108.01,3214.1,602.67,69.75,3.39,5138,80226.896237483,28.91,810,71.2,137.3,126.00000000000003,11254,5560
2004 Feb,114.564852457973,82.2979172203401,52.6031491232808,1.2,11.1,108.6,9.5,50.35211267605637,1700,109.4,110.49,3335.5,639.28,71.21,3.39,4853.1,82558.0610887455,28.98,810,76.3,136.5,-5.899999999999977,12079,6569
2004 Mar,114.287987397866,88.5562022499482,52.9976691167055,1.8,11.7,113.2,8.9,51.02699530516436,2500,122.3,114.8,3430.4,697.53,72.55,3.39,5388.1,79638.7372720005,29.04,843,102.3,148,35.39999999999998,13956,7789
2004 Apr,113.944292840492,85.4564413550015,53.5223491079609,5.2,12,119.7,8.2,52.11267605633807,1800,122.8,114.11,3483.5,721.69,73.17,3.48,6220,78904.4632427881,29.08,923,118,147.5,111.5,14712,7720
2004 May,113.132791802248,82.2097723607681,53.9184191013597,9.7,12.8,105.9,7.6,53.198356807511786,1800,148.3,114.57,3526.5,612.11,73.17,3.48,5519,81849.2442378309,29.25,1020,134.8,146.5,91.40000000000003,13615,7360
2004 Jun,112.80819138695,84.8394273379978,54.3389790943504,6.6,11.6,118.5,7.5,54.69483568075122,3600,172.7,122.02,3694,580.92,72.71,3.48,6177.5,84463.6804451417,29.22,1043,149.3,146.8,53.60000000000002,14862,7895
2004 Jul,112.502685113729,85.603349454288,54.8388990860184,3.8,11.2,120.9,7.4,55.31103286384981,2200,163.9,120.55,3634.9,568.42,72.67,3.81,6248.5,84857.5893234595,28.76,1024,239,152.1,127.90000000000003,15439,8355
2004 Aug,112.197178840508,87.4029736705486,55.0692190821797,4.1,11.6,118.2,7.3,56.338028169014144,2400,184.8,118.38,3657.9,553.63,72.81,3.81,7607,84948.4645349771,28.15,1021,405.8,156.6,74.29999999999995,16759,8320
2004 Sep,111.376130731226,86.785959653545,55.306019078233,3.1,11.5,118.5,7.7,58.098591549295826,4000,186.3,118.74,3727.5,611.04,72.78,3.81,7155.3,91328.282432353,27.82,998,498.9,158.4,96.10000000000002,16271,8287
2004 Oct,111.175642239424,89.5625227300613,55.936499067725,1.1,10.9,127,8,59.12558685446014,2800,175.5,117.31,3798.1,664.01,72.91,4.34,7409.2,103607.146967222,28.11,936,296.7,164.7,122.30000000000001,17208,8908
2004 Nov,110.717382829592,90.9067318385334,56.5573990573767,1.1,10.7,130,8.4,60.328638497652626,3400,190.4,118.37,3939.9,657.38,72.98,4.34,7429.6,113702.657579714,27.7,858,187.4,167,105.79999999999995,17807,9434
2004 Dec,110.287764632875,98.090537893647,57.2021590466307,1.1,10,169.2,8.3,60.35798122065732,13000,297.6,146.18,4363.3,585.21,73.42,4.34,6943.5,120808.798307217,27.86,788,101.4,193,-180.79999999999995,19247,11185
2005 Jan,117.419426698384,83.5726490079626,58.7008490216525,1.1,10.8,98.8,8.3,60.65140845070426,2100,95.2,118.26,4190.3,607.77,75.76,5.06,6047.6,121198.603005444,27.77,755,70.8,151.5,343.5,13675,6934
2005 Feb,117.934968534445,87.416990833388,59.4228690096189,1.1,10.6,118.1,8.3,61.414319248826345,1800,117.4,118.74,4311.4,665.44,76.83,5.06,6686.4,130426.592478544,28.19,740,75.6,151.4,115.80000000000001,15867,8346
2005 Mar,118.612810578154,93.1865122493994,60.2191389963477,1,10.5,130.4,8,62.940140845070474,2800,131.9,127.17,4474.6,688.99,77.36,5.06,8527,133651.322126033,28.64,777,102.3,164.4,196.09999999999997,19549,10020
2005 Apr,118.26911602078,89.6454248068399,60.8935889851069,1.3,10.3,135.7,7.6,64.524647887324,1900,133.9,124.5,4586.8,688.88,79.06,5.51,9030.9,140524.022142001,28.64,871,118.1,167.7,130.8,19515,9531
2005 May,117.161655780353,84.8045718489071,61.3807389769877,3,11,126,7.3,66.25586854460099,1900,155.8,124.74,4688.6,658.18,79.81,5.51,9650.9,143628.596128261,28.56,995,135.7,167.9,133.39999999999998,20047,9451
2005 Jun,116.817961222979,90.0624553257224,61.7735789704404,4,10.9,134.8,7.3,66.28521126760569,3900,192.3,132.85,4927.4,686.04,80.59,5.51,8243.2,147775.902013051,28.53,1041,149.8,167,151.09999999999997,19131,9898
2005 Jul,116.856149507132,89.7922679727466,62.0577389657044,3.4,10,135.6,7.2,66.63732394366203,1900,186.5,132.19,4985.8,752.18,80.61,6.13,9396.8,140895.55163988,28.5,1032,248.3,171.9,137.59999999999997,21191,10722
2005 Aug,116.579284447025,91.6779055589666,61.9708589671524,2.4,10.5,131.8,7.1,67.95774647887329,2600,202,132.98,5136,832.56,79.41,6.13,9669.6,146025.586960774,28.73,1048,414.3,177.5,147.80000000000007,21378,10644
2005 Sep,115.987366042659,92.2279729674929,62.1257789645704,1.4,10.5,140.9,7.2,69.86502347417846,4400,208.4,135.91,5292.8,929.32,79.49,6.13,9611.1,155830.304235335,28.74,1037,515.4,180.6,-30.200000000000045,21402,10719
2005 Oct,115.977818971621,94.718128273975,62.4674789588754,2.9,10.6,140.7,7.3,70.51056338028174,2700,195.5,133.46,5314,939.71,80.97,6.96,9229.4,161240.750309401,28.13,979,291.4,186.3,345.20000000000005,21831,11456
2005 Nov,115.700953911514,96.7072089946861,62.9297289511712,5.7,11.4,144.1,7.5,69.89436619718313,3600,223.5,135.86,5436.2,998.61,81.61,6.96,8268.6,164666.262617847,28.11,902,190.6,187.8,229.7,21792,12294
2005 Dec,115.395447638293,102.412934319864,63.4457589425707,4.8,11.1,201.9,7.7,68.4272300469484,14000,340.3,170.78,6045.6,1100.04,81.48,6.96,9439.5,175891.409917674,27.7,817,107,222,-230.60000000000002,24647,13825
2006 Jan,113.533768785851,87.7073089424119,64.9874889168752,3.1,10.2,109.8,7.7,68.77934272300475,1800,102.1,131.16,5842.9,1283.58,83.08,7.66,11381.9,181400.854948327,27.22,798,71.9,168.7,298.9,20524,8311
2006 Feb,113.877463343225,88.7073922826902,66.0662788988954,3.1,10.7,129.5,7.9,71.03873239436625,1500,124.1,132.47,5919.6,1393.66,85.42,7.66,10361,189049.891963837,26.94,812,76.5,167.5,149.5,21449,10080
2006 Mar,113.915651627377,98.9082423535295,66.6080188898663,3.3,10.2,143.3,7.8,72.50586854460099,3000,150.9,140.68,6169.4,1412.61,86.82,7.66,10850.7,198676.585643479,26.94,862,104.1,184,266.9000000000001,24439,12353
2006 Apr,113.829727988034,93.5077923160264,66.8411588859807,3.3,10.7,149.5,7.6,72.91666666666671,2200,151.9,139.28,6360.1,1571.14,86.78,8.14,11157.1,218520.764726823,26.82,962,120,187.8,135.29999999999995,23652,11359
2006 May,113.190074228477,94.2078506542212,67.1619888806335,2.4,10.9,149.8,7.5,74.23708920187798,2200,190.9,144.43,6693.1,1581.92,86.55,8.14,12556.9,239270.578819891,26.72,1090,137.4,189.9,344.0999999999999,26770,12921
2006 Jun,112.941850381485,94.6078839903325,67.3500388774994,2.8,10.4,159.5,7.2,74.82394366197188,5000,227.8,155.99,7092.3,1391.33,87.81,8.14,9212.3,243174.228130363,26.79,1140,151.3,192.7,228.80000000000007,25137,14477
2006 Jul,112.846379671103,95.8079839986666,67.8012888699785,2,10.1,154.9,6.9,76.14436619718316,2200,209.8,152.55,7230.7,1514.07,88.28,8.4,10655.1,257859.0137316,26.77,1134,246.8,198.7,230.79999999999995,25482,13479
2006 Aug,112.531326326844,99.3082756896408,67.9301088678315,2.3,10.3,157.9,6.5,77.78755868544607,2900,237.1,152.1,7449.3,1628.79,88.17,8.4,12189,252184.118158408,26.3,1152,404,204.9,323.19999999999993,27853,14240
2006 Sep,112.139896414279,98.7082256854738,67.9912488668125,3.5,10.5,155.3,6.6,78.84389671361507,5200,249.9,155.75,7757.5,1560.64,88.59,8.4,9615.8,258705.024262556,26.37,1140,536.5,206.5,153.5,25392,14342
2006 Oct,112.493138042691,103.008584048671,68.1816288636395,4.1,10,158.6,6.7,76.67253521126767,3400,243.4,154.5,7769.6,1596.05,88.74,8.65,6645.9,264956.682513394,26.55,1094,316.5,215,293.1,24049,15821
2006 Nov,112.617249966187,103.908659054921,68.6111688564805,6.2,10.6,163.7,6.7,74.79460093896718,4700,264.1,157.28,8014.1,1699.03,88.48,8.65,6584,280969.254539012,26.15,1022,216.5,215.2,202.60000000000002,24382,16180
2006 Dec,112.29264955089,108.209017418118,69.1531988474467,5,10.5,231.6,6.9,75.52816901408454,16100,410.1,196.92,8995.8,1849.23,88.25,8.65,6766.5,295567.568552172,26.02,936,113.3,256.3,-367.9000000000001,28354,19625
2007 Jan,115.004017725728,96.2080173347779,70.3149688280839,3.3,10,120.9,7.1,76.93661971830987,3000,130,156.75,8700.8,1829.89,90.11,8.39,8466.5,295560.719993443,25.74,915,73.8,193.5,371.09999999999997,21287,11655
2007 Feb,115.471824206598,95.1079256604717,71.0954688150755,3.8,9.9,148.3,7.2,76.84859154929579,2500,149.9,159.41,8902,1898.08,90.89,8.39,7464.7,305869.403256192,25.9,938,78.5,192.5,137.20000000000005,22945,14073
2007 Mar,115.586389059056,105.608800733394,71.5149288080845,4.8,10,157.1,6.8,76.81924882629113,4000,172.7,168.02,9412.6,1841.69,88.44,8.39,7372.6,330334.414452482,25.82,1000,108.6,210.8,267.30000000000007,25945,16884
2007 Apr,115.624577343209,100.008334027836,71.9225688012905,3.3,9.8,164.6,6.4,80.13497652582164,2900,181,167.51,10006,1959.48,91.28,7.83,8630.6,360410.418703227,25.55,1141,125,216.1,148,26994,16694
2007 May,114.803529233927,100.708392366031,72.3756787937387,3.3,9.5,164.6,5.9,84.41901408450708,2800,230.7,170.53,10699.3,1843.92,91.46,7.83,9482.7,394749.161656581,25.62,1339,143.1,220.2,317.5999999999999,28681,17453
2007 Jun,114.555305386934,101.508459038253,73.0632487822792,3.4,9.5,173.2,5.8,86.5316901408451,6000,279,181.27,10857.7,1859.7,91.84,7.83,5798.9,397398.214520627,24.94,1385,157.9,224,223.19999999999993,26194,18541
2007 Jul,114.870358731194,104.608717393116,73.698898771685,3.5,9.2,173.7,5.7,87.14788732394369,3100,258,177.65,10923.5,2008.03,92.37,7.79,7817.8,407494.974469812,24.67,1389,257.9,230.7,355.5,29083,19332
2007 Aug,114.78443509185,105.708809067422,73.7652287705795,5.2,9.9,174.6,5.6,88.93779342723008,3700,272.5,173.92,11156.8,1902.31,92.4,7.79,8323.5,407110.764678836,24.4,1418,427.4,240.4,300.0999999999999,30318,19995
2007 Sep,114.373911037209,103.408617384782,74.3479687608672,6.2,10.4,175.8,5.6,88.38028169014086,6000,282.6,177.92,11494,1964.47,92.39,7.79,7117.7,415263.653324201,24.53,1380,538.1,241.1,62.60000000000002,27680,18693
2007 Oct,114.717605594583,108.809067422285,75.5672787405453,5.7,10.6,176,5.6,88.32159624413148,4100,308,179.16,11421.7,2144.76,92.89,8.56,9989.5,436007.047367097,24.43,1321,325.3,249,783.2,34437,22225
2007 Nov,114.622134884202,110.209184098675,76.496758725054,6.3,10.8,188.3,5.7,91.07981220657278,5900,328.3,185.43,12163.3,2207.28,93.51,8.56,10326,452162.374767039,24,1221,222.8,250.5,-442.79999999999995,35197,22610
2007 Dec,114.478928818629,113.609467455621,77.3611687106472,4.4,10.8,258.7,6.1,94.45422535211269,16400,541.4,232.72,13272.1,2282.9,94.06,8.56,10348.2,466750.421066355,23.49,1126,117.8,301.4,-518.1000000000001,37769,24928
2008 Jan,115.242694501682,102.608550712559,79.148218680863,2.8,10.4,130.9,6.6,95.98004694835683,3200,157,179.19,12914.8,2112,95.22,10.27,16756.2,475071.97782599,23.66,1122,77,226,561,33870,15558
2008 Feb,115.901442403316,102.808567380615,80.0979886650335,4.3,11,164.2,7.1,96.5962441314554,2600,188.9,184.39,13080.4,2007.43,95.5,10.27,12020.3,481010.798535996,23.74,1164,83.2,228.5,133.10000000000014,35095,20977
2008 Mar,115.949177758506,109.409117426452,81.0591686490139,4.3,11.3,164.5,6.5,97.3004694835681,4400,212.1,192.13,13382.9,2023.73,96.56,10.27,13845.2,498889.530783272,23.4,1236,115.2,245.4,304.19999999999993,39407,23238
2008 Apr,115.710500982552,105.708809067422,82.2102086298299,4.2,11.2,181.3,6,101.70187793427232,3000,225.9,194.06,13347.7,2119.09,97.98,11.9,12792.9,519757.5989754,23.42,1375,133.2,248.1,794.5999999999999,40525,25211
2008 May,114.88945287327,105.208767397283,83.3200486113325,3.7,11,171.7,5.4,105.28169014084509,2900,274.5,192.89,13724.5,2363.94,98.47,11.9,15763.4,533109.273908463,24.57,1553,152.9,253.6,260.5000000000001,42478,24286
2008 Jun,114.431193463438,104.40870072506,84.1282485978625,3.7,11.3,180.2,5.6,110.47535211267608,5600,310.7,203.31,14244.7,2360.42,99.05,11.9,15181.9,555181.62466756,25.37,1527,169.4,256.6,-25.200000000000045,43024,25311
2008 Jul,114.488475889667,106.608884073673,84.5572985907117,4.4,11.4,184.8,5.7,116.40258215962444,3900,285.2,203.31,14210,2123.88,99.44,14.36,14991.4,582679.001804036,26.98,1530,286.5,266.4,1045.7,46546,28686
2008 Aug,114.144781332293,106.708892407701,84.8617085856382,5.8,11.8,189.6,5.8,116.96009389671364,3800,300.6,197.61,14530.1,1745.25,99.06,14.36,15109,569122.687469191,27.62,1542,499.2,275.4,231.79999999999995,44952,27130
2008 Sep,113.676974851423,106.408867405617,85.5405985743234,7.1,12.7,175.5,6.2,111.09154929577466,5800,325.6,201.76,14374.6,1354.56,98.31,14.36,13021,542839.281223041,29.36,1553,598.4,276.6,131.70000000000005,42974,27230
2008 Oct,113.447845146507,107.108925743812,86.3190185613497,7.6,14.1,174.8,6.6,103.75586854460094,4700,328.8,198.94,13519.7,790.28,100.28,16.02,9000.9,472005.393775952,35.37,1427,382.2,281,397.20000000000005,38383,26711
2008 Nov,112.216272982584,96.4080340028336,87.0354685494089,9.5,15,179.5,7,95.07042253521125,5800,326.9,196.75,13226.2,677.39,101.83,16.02,6169.4,442391.526780347,35.72,1183,257.3,271.4,-454.5999999999999,29353,21076
2008 Dec,110.488253124676,99.0082506875573,87.6360185393997,8.3,15.5,230.9,7.8,87.85211267605631,18400,505.3,240.63,13493.2,647.09,97.73,16.02,4108.2,411749.595100425,33.86,895,123.1,316.7,-1367.8999999999999,29692,23258
2009 Jan,107.519114031807,83.9069922493541,89.7129885047835,16.3,17.1,125.6,8.7,84.85915492957746,3100,129.4,185.76,11990.7,555.8,88.75,16.02,7560,371437.614918001,32.94,836,78.8,236.3,582.9000000000001,18868,10280
2009 Feb,106.955836840556,84.7070589215768,91.1932484801125,9.3,16.6,168.4,9.4,89.1725352112676,2800,157,182.98,12021.3,552.88,84.09,14.47,2888,368157.117295925,30.92,875,84.7,226.1,-265.5,17419,13210
2009 Mar,106.058412162968,93.707808984082,92.3878884602019,8.7,16.1,174,9.2,91.72535211267606,4500,174.8,191.03,12111.7,653.04,87.87,11.47,5814,368064.95816564,31.05,920,117.9,239.3,-91,21467,14230
2009 Apr,104.90321656735,89.8074839569965,93.0253584495774,8.6,16,186.4,8.8,93.98474178403757,3300,178.7,188.35,12339.1,789.69,89.94,8.6,3275.4,368347.953431772,31.22,1078,135.9,237.3,-210.79999999999995,18836,14146
2009 May,103.853038753152,88.7073922826902,93.55559844074,7.1,15.9,181.3,8.5,94.57159624413148,3000,206.4,187.22,12861.1,969.9,92.05,8.6,6732.5,387280.338524615,31.82,1222,155.5,240.7,-178.30000000000007,21159,13115
2009 Jun,103.060631856985,90.8075672972748,94.1169384313844,6.8,15.6,186.4,8.3,96.5962441314554,4900,241.4,199.02,13161,984.39,93.76,8.6,7437.1,395890.314142226,30.02,1178,167.6,241.6,-414.29999999999995,23573,14669
2009 Jul,102.230036676664,93.8078173181098,94.709878421502,6.5,14.9,181.4,8.1,98.3274647887324,4100,229.6,194.24,13121,943.74,92.49,6.79,9431.7,384875.421634386,29.04,1148,287.4,246.9,1.599999999999909,26166,15213
2009 Aug,101.762230195794,92.8077339778315,94.709878421502,6.6,15.2,174.3,7.9,99.73591549295774,4000,245.3,189.19,13305,1057.35,90.89,6.18,10505.2,391875.533691575,29.12,1121,441.3,250.9,9.700000000000045,26805,14818
2009 Sep,101.599929988145,95.0079173264439,94.6814684219755,7.2,14.7,180.4,7.6,100.90962441314554,5300,271.2,194.3,13649.5,1186.42,92.41,6.18,10120.9,394516.296693661,30.2,1104,642.6,250.4,-383.20000000000005,28613,16811
2009 Oct,101.514006348802,99.1082590215851,94.6814684219755,5.8,14.1,191.6,7.7,100.02934272300469,4740,283.5,193.72,13874.7,1378.36,95.13,6.45,9912.1,414024.038812328,30.39,1005,407.9,258.6,28.5,30162,18409
2009 Nov,101.189405933504,99.9083256938078,94.9560384173994,5.3,13.8,186.2,8.2,99.50117370892019,5800,288,197.4,14224.1,1412.71,96.35,6.45,10113.8,424690.157401522,30,893,262.7,256.1,-203,30400,18442
2009 Dec,100.731146523672,106.508875739645,95.3453584109107,5.1,13.7,261.1,8.2,100,14300,480.6,245.37,15697.7,1411.16,94.19,6.45,11049,416648.888637787,29.49,724,131.5,308,-1303.1999999999998,33687,20580
2010 Jan,99.9960220537338,91.0075839653304,96.9090283848495,4,13.9,146.7,9,98.94366197183098,3100,118.1,188.2,15331,1519.89,96.66,7.59,14720.8,413508.877512135,29.14,802,78.8,239,396,26977,11142
2010 Feb,100.129681048268,90.9075756313026,97.7424383709594,3.8,12.7,180.3,8.5,100.90962441314554,2900,145.3,188.38,15565.9,1415.01,98.35,7.59,13331.1,413332.645171943,30.48,888,84.9,231.4,-152.29999999999995,30094,15239
2010 Mar,100.349263682146,102.408534044504,98.3582183606964,3.6,11.8,185.4,8.5,102.7582159624413,3600,176,202.51,15996.5,1516.44,100.94,7.59,12712.4,423317.926720857,31.24,987,119,250.4,-1.2999999999999545,32992,18436
2010 Apr,100.272887113841,96.5080423368614,98.6434583559424,3.3,11.4,198.7,8.1,106.01525821596242,3800,185,199.88,16435,1617.56,102.68,8.35,11898.6,435560.292831432,30.21,1174,136.3,251.9,66.59999999999991,32693,18904
2010 May,99.9578337695811,95.9079923326944,99.1366683477222,2.8,11.3,187,7.2,108.89084507042253,3100,221.5,198.28,16813.9,1400.68,102.57,7.87,10147.7,428988.84495651,30.85,1323,155.8,257.9,-20.09999999999991,31106,19053
2010 Jun,99.8050806329705,97.4081173431119,99.5233083412782,2.6,11.4,195,6.7,105.51643192488262,5100,271.5,212.36,17190.3,1382.25,101.96,8.06,10294.3,432990.703894774,30.54,1279,160.9,261,-16.59999999999991,31554,19327
2010 Jul,99.776439419856,98.1081756813068,99.8815883353069,2.6,10.5,196.8,6.8,106.1619718309859,3100,232.7,207.05,17330.1,1402.14,101.38,8.48,7833.9,448037.306768742,30.81,1270,258.1,268.8,21.200000000000045,30726,20811
2010 Aug,99.7000628515507,99.208267355613,100.430898326152,2.6,10,185.6,6.7,109.62441314553989,3800,265.7,200.4,17663.8,1458.5,101.66,8.57,5294.5,447068.424023639,31.36,1256,336.3,273.7,-46.30000000000018,31260,23605
2010 Sep,99.7668923488178,100.908409034086,101.27459831209,2.6,9.7,187.8,6.5,108.24530516431922,4500,291.8,201.2,17909.2,1477.95,99.59,8.49,8140.1,458314.558239621,30.5,1236,481.3,269.3,-137.60000000000014,33670,23209
2010 Oct,100.091492764115,106.208850737561,101.780898303652,2.7,8.9,196.6,6.7,110.65140845070422,4600,305.8,199.8,18099.7,1581,97.64,8.64,7690.7,463760.064159349,29.81,1167,392.8,277.9,-73.39999999999986,34589,24453
2010 Nov,100.186963474497,107.308942411868,102.60539828991,3.2,9.1,195.8,6.6,115.52230046948355,5900,318.9,203.2,18529.4,1605.15,96.86,8.71,7507.6,448775.610954255,28.9,1081,244.3,276.8,-136.29999999999995,34506,24544
2010 Dec,99.9673808406193,114.10950912576,103.713498271442,3,9.1,274.8,7,116.66666666666666,15000,546.6,262.1,20173.5,1733.3,99.71,8.73,12855.4,443585.838959012,28.45,982,132.3,329.7,-1485,42507,26956
2011 Jan,100.597487529138,96.6080506708892,106.171498230475,2.7,8.6,146.4,7.6,119.19014084507045,2600,118.1,190.8,19303.4,1877.68,103.74,9.19,11739.2,450757.642890731,27.41,1039,80.2,248.2,468.9000000000001,29590,16228
2011 Feb,101.494912206726,95.8079839986666,106.999598216673,2.8,8.7,179.5,7.4,123.18075117370893,2700,153.3,189.1,19531.3,1899.62,105.25,9.14,15786,458041.879792168,27.97,1113,86.5,245,-12.900000000000091,39623,21670
2011 Mar,101.714494840603,106.208850737561,107.662998205617,3.1,8.7,178.6,7,124.85328638497653,4000,181.5,206,19786.8,1988.45,107.22,9.12,12987.6,465447.784560369,27.87,1232,121,263.1,361.0999999999999,42461,26794
2011 Apr,101.724041911642,101.808484040337,108.1259981979,3.3,8.4,195.8,7.1,127.31807511737088,3100,195.3,203.7,20046.6,2051.23,106.6,10.03,16192.1,483217.161532788,27.69,1444,138.4,265.5,355.20000000000005,45803,26919
2011 May,100.511563889795,101.808484040337,108.64499818925,3.8,8,177.6,6.2,128.63849765258217,2900,241.7,204.7,20188.7,1868.02,107.84,10.02,13316,480136.417126654,28.93,1579,157.8,273,270.29999999999995,44039,27930
2011 Jun,100.229734352748,103.708642386866,108.894898185085,3.7,8.6,196.6,6,125.73356807511739,5400,292.5,216.4,20742.6,1885.72,108.65,10,13430.2,484004.475343899,32.1,1563,164.1,276.2,303.79999999999995,43656,27478
2011 Jul,100.282434184879,103.608634052838,108.883998185267,3.9,7.9,195,6.4,123.43554392772303,3700,257.7,211.6,20847.5,1951.14,108.82,11.2,11894.5,490248.467013291,30.13,1521,296.3,285.3,336.79999999999995,41435,26855
2011 Aug,100.101039835154,105.108759063255,108.622698189622,4,7.9,186,6,127.4606160123225,3900,298.1,207.6,21083.8,1675.51,104.86,11.11,11471.2,496362.082486188,31.39,1471,423.4,296.2,274.29999999999995,43842,29428
2011 Sep,99.9100984143903,105.508792399367,108.579198190347,4.5,8,191.1,6,128.09062729512942,5500,324.4,211.3,21497.4,1531.45,100.61,11.11,13511.9,472488.19201534,32.17,1442,670.5,294.7,67.90000000000009,43037,26841
2011 Oct,100.416093179413,109.809150762564,109.10039818166,4.9,8.6,193,6.2,129.24564798027555,5000,356.2,211.5,21380.9,1417.63,99.33,12.11,13674.8,476956.55992703,30.26,1361,551.4,303.3,275.3000000000002,45247,28702
2011 Nov,100.41312404032,111.509292441037,109.558598174023,5,8.8,197.2,6.2,130.4706699190666,6500,360.1,216.8,21961.9,1496.66,102.84,12.02,13696.5,462683.343389604,29.04,1263,343.2,300.2,-59.90000000000009,46427,29755
2011 Dec,100.158322261383,118.809900825069,110.040698165988,5.4,9.3,284.4,6,130.69248826291079,17000,630.9,291.4,24543.4,1420.82,102.52,12.11,17297.5,453948.219572556,29.34,1161,138.6,360.6,-1780,50248,29955
2012 Jan,99.604592141169,100.108342361863,110.590898156818,4.8,8.8,147,6.3,130.2816901408451,3100,137.5,210.4,23677.9,1486.65,103.84,12.33,18441.9,456544.793398295,29.4,1260,82.2,267.2,413.4000000000001,39497,19141
2012 Feb,99.8623630591995,102.308525710476,111.000098149998,4.4,8.9,184.5,6.2,131.66079812206573,2800,178,212.1,23851.3,1654.32,107.03,12.22,17711.4,463808.657798264,32.94,1373,89.8,265.8,-187.5,44877,24696
2012 Mar,99.9960220537338,109.609134094508,111.643898139268,5.1,9.2,184.5,6.3,134.47769953051647,3900,200.9,224.2,24041.3,1700.59,109.67,12.51,15412.5,465660.727911017,32.85,1499,126.9,284.2,294,46658,28405
2012 Apr,99.9291925564666,104.208684057005,111.9899981335,5.3,9,198.6,5.6,135.3579812206573,2900,212,226.2,24247.2,1608.15,109.29,12.57,15454.9,476453.861627381,32.21,1708,145.3,284.8,116.5,44903,26771
2012 May,99.2704446548333,105.208767397283,112.572298123795,5.8,8.9,187.2,5.2,132.1596244131456,3100,275.6,230.5,24450.1,1384.26,106.96,12.57,14501.4,465126.251354637,32.51,1825,165.2,294.1,414.5000000000002,45473,28156
2012 Jun,98.9172030264212,105.208767397283,113.574198107097,5.8,9.3,211.6,5.2,131.1326291079813,5200,319.9,238.1,24764,1296.74,102.22,12.56,11133.1,467989.598926827,30.92,1754,169.5,298,89.40000000000009,40810,26979
2012 Jul,98.8854303740062,107.308942411868,114.971198083813,5.6,9.5,196.6,5.2,129.66549295774652,4200,284.1,228.6,24646.4,1369.21,105.03,11.38,8485,461861.712696979,31.3,1709,285.3,303.3,261.6999999999998,41155,29700
2012 Aug,98.6403379663144,109.709142428536,115.086098081898,5.3,9.1,201.3,5,136.32629107981228,4300,316.5,220.1,24573.5,1421.08,105.86,11.4,8164.1,464856.554522417,30.82,1636,405.6,311.8,191.20000000000005,41119,29959
2012 Sep,98.7453557477342,107.908992416035,115.719098071348,5.5,8.9,200.3,5,142.8990610328639,5100,328.5,221.2,24657.5,1486.96,105.55,11.38,12829.6,476378.604740394,30.32,1571,612.8,310.3,-7.7999999999999545,42930,27364
2012 Oct,99.2322563706806,113.609467455621,116.251398062477,6.1,9.1,200.3,5.1,140.58098591549305,5500,389.9,227,24739.2,1479.5,106.92,11.57,11167.3,475257.484657375,30.03,1484,470.4,317.4,192.70000000000027,46540,32157
2012 Nov,99.1081444471845,115.109592466039,116.646698055888,6.1,9.1,215.1,5.2,138.9377934272301,7200,370.8,231.7,25080.6,1411.41,106.89,11.64,11622.3,476240.034052395,30.52,1388,310.6,315.2,-43.5,45268,30587
2012 Dec,98.8408264581159,122.210184182015,117.27659804539,6.2,9.4,300,5.1,137.411971830986,18400,630.4,306.1,27405.4,1497.75,108.1,11.64,13162.5,486576.821774557,31.04,1298,140.6,378.5,-1471.6999999999998,48203,31855
2013 Jan,97.6474425783453,99.6083006917243,118.41419802643,5.4,8.8,148.2,6,136.79577464788738,3600,143.1,222.6,26745,1596.31,110.73,11.39,14946.2,480193.317999606,31.01,1420,83.5,279,288.4000000000001,38714,21712
2013 Feb,98.0293254198719,99.3082756896408,119.077298015378,5.7,9.6,197.1,5.8,137.8521126760564,2900,180,220.3,27169.9,1580.03,111.56,11.36,12720.4,475649.059390348,31.82,1584,91.2,274,-192.69999999999982,41763,26484
2013 Mar,98.1247961302536,112.709392449371,119.482098008632,6,10,202.7,5.7,138.55633802816908,3900,206.8,236.9,27465.9,1498.22,111.52,11.36,13250.8,477265.416408803,32.71,1698,128.5,297,195.20000000000005,44356,28370
2013 Apr,98.1438902723299,107.708975747979,120.091497998475,6.2,10.2,216.8,5.6,136.91314553990614,3700,215.7,246.8,27841.2,1391.46,109.99,11.64,11643.4,486349.017169309,33.01,2002,146.4,297,105.19999999999982,44333,29849
2013 May,97.6092542941927,108.909075756313,120.884097985265,6.4,9.9,188,5.2,135.59272300469488,3400,274.2,242.9,28083.5,1405.84,111.08,11.41,11974.1,473392.062680325,33.23,2085,166.2,303.8,174,40879,26383
2013 Jun,97.2846538788951,106.708892407701,121.391797976803,6.3,9.5,216.4,5.4,136.14734159835947,5100,319.7,252.3,28506.1,1281.47,107.14,11.32,10766.5,475222.992814295,32.47,1975,171.5,309,-34.799999999999955,41707,28243
2013 Jul,97.2560126657806,108.209017418118,122.387197960213,6.1,9.2,205.8,5.3,138.90845070422537,4200,290,244.3,28734.3,1328.68,107.1,10.98,10427.3,470215.298938486,32.06,1817,300.7,316.7,201.5999999999999,43585,30263
2013 Aug,96.7882061849105,107.708975747979,122.558597957357,6.1,9.3,210.1,5.2,142.8110328638498,5100,312.9,236.4,28779.2,1319.8,105.4,10.97,11330.6,464200.817724833,33.16,1776,418.6,324.9,111.70000000000005,42399,28351
2013 Sep,96.6927354745289,110.209184098675,122.815897953068,6.3,9.5,202.1,5.3,144.84461349580226,6800,323.8,236.9,28629.3,1392.55,106.38,10.96,13221.6,479449.431982873,32.68,1721,623.3,320.4,64.70000000000005,44675,28692
2013 Oct,97.0173358898265,115.809650804234,123.5159979414,6.1,9.2,211.8,5.5,143.1546222740244,6700,389.3,241.4,28545.8,1479.13,107.31,10.93,9724.9,480283.397726142,35.13,1619,573.4,327.7,223.5999999999999,43390,30648
2013 Nov,97.0077888187883,119.409950829236,124.22339792961,6.2,9,220.3,5.4,141.02495853926325,7600,388.5,243.3,29167.3,1437.42,106.74,10.96,14011.3,474948.677865097,36.13,1527,342.3,328.1,-106.60000000000014,46669,29793
2013 Dec,97.4565011575821,129.310775897992,124.838497919358,6.4,9.4,310.2,5.6,142.4676339724886,16400,629.7,316.8,31404.7,1414.44,105.68,10.99,13790.4,469602.70799302,35.52,1378,142.4,391.7,-1879,49366,32481
2014 Jan,96.2535702067733,100.708392366031,125.574997907083,6.1,9.2,147.6,5.6,143.10446009389673,4800,132.9,235.4,30136.1,1372.92,104.1,10.9,16480.4,457207.139684735,35.69,1407,85.3,286.7,745.1999999999999,39529,20977
2014 Feb,96.6927354745289,102.208517376448,126.454097892432,6,9.4,196.1,5.6,142.48826291079814,4100,172.2,231.6,30459,1316.28,100.72,10.83,9898.6,448737.174295445,34.73,1492,93.3,285.3,-538.9000000000001,36339,24089
2014 Mar,96.6736413324526,111.609300775065,127.743897870935,7.9,10.3,189.2,5.4,145.73014279045833,5000,197.2,247.6,29800.1,1149.43,98.99,10.69,16879.6,442773.463027765,33.9,1684,131.8,309.8,322.0999999999999,46944,27372
2014 Apr,96.5017940537656,110.009167430619,128.893597851773,7.9,10.5,217.8,5.3,146.79865004525203,4300,210.2,257,30160,1181.92,101.54,10.79,17038.5,427970.804730566,35.48,1980,151.4,305.5,191.20000000000027,47522,27753
2014 May,95.6043693761782,108.009000750063,130.05359783244,8.2,10.6,200.1,4.9,147.41784037558688,4600,266.9,249.6,30245.6,1263.99,104.87,10.64,15319.2,423769.698368933,36.88,2179,171.8,310.7,332.9000000000001,43945,26159
2014 Jun,95.4611633106057,109.909159096591,130.859997819,8.2,10.7,208.9,4.9,148.62089201877933,6800,317.7,259.8,30426.2,1361.1,106.59,10.52,11273.3,431956.031175379,39.42,2187,176.5,312.6,35.09999999999991,40600,26745
2014 Jul,95.2797689608806,111.109259104925,131.501197808313,8.2,10.7,211.9,4.9,151.02699530516432,5800,287.5,249.2,30524.8,1314.87,106.66,9.4,14088.9,422650.716083337,42.18,2198,326.1,322.3,300.1999999999998,46185,29153
2014 Aug,94.9360744035067,110.809234102842,131.816797803053,7.9,10.6,219.5,4.8,151.02699530516432,5600,307.9,235.2,30688.9,1222.8,104.14,10.38,13642.7,419237.809800352,49.4,2123,438.3,331.9,124,41413,25278
2014 Sep,95.1365628953081,114.809567463955,132.673597788773,8,10.6,203.3,4.9,149.88262910798122,7300,318.1,242.5,30644.8,1194.98,101.69,10.4,9486.4,409222.831350957,56.58,2040,725,326.6,30.5,38054,26037
2014 Oct,95.3847867423004,122.01016751396,133.761497770642,8.2,10.8,216.5,5.1,150.37458765796154,7800,386.8,244.7,30268.4,1073.04,96.14,10.4,12025.6,383281.420334339,69.62,1902,505.3,333.8,47.40000000000009,41502,26785
2014 Nov,95.5757281630637,121.110092507709,135.473697742105,10.2,12,212.8,5.2,149.67649625149647,7800,358.5,242.2,30625.6,1030.34,87.86,10.16,11352.7,373657.241548198,61.19,1698,344.1,334.1,-41.5,36681,23072
2014 Dec,95.3943338133385,136.211350945912,139.023097682948,15.47,18.31,286.8,5.3,150.79225352112678,19700,623.1,306.4,32110.5,824.73,75.82,10.45,11448.4,339369.961911438,57.86,1396,148.3,411.6,-2393.1000000000004,38093,24457
2015 Jan,95.4420691685294,100.708392366031,144.375497593742,17,19.9,145.4,5.5,152.78755868544602,6200,127.7,218.5,31448.6,770.02,70.14,9.5,13800.7,327146.043932586,51.31,1310,87.2,274.6,-171.79999999999995,27895,12155
2015 Feb,95.4611633106057,100.408367363947,147.580597540323,15.12,18.1,191.8,5.8,156.01525821596243,6100,164.9,216.9,31716.4,859.38,73.98,9.29,12040.8,313431.073416952,52.65,1212,95.8,264.4,-662.3000000000002,29389,15416
2015 Mar,95.3370513871096,113.009417451454,149.366297510562,14.9,17.9,185.5,5.9,164.612676056338,6200,192,224.3,31636.7,866.91,81.9,9.29,13238.8,309092.428348927,55.71,1212,136.7,282.4,386.9000000000001,32894,17082
2015 Apr,,108.10900908409,150.05339749911,14.36,17.17,212.9,5.8,168.98474178403754,4900,199.8,235.3,32103.4,1001.25,92.91,7.39,13394.2,307716.649518476,51.7029,1236,155.7,275.6,-379.6999999999998,30703,16164
2015 May,,105.408784065339,150.578597490357,,16,185.7,5.6,,4600,246.2,234.8,32310.2,1046.88,,,,308895.013098389,52.9716,1375,175.6,281.7,-18.90000000000009,30646,15290
2015 Jun,,108.909075756313,150.864697485588,,15.5,202.2,5.3,,6400,294.4,241.4,31958,952.09,,,,313341.118579275,,1386,178.4,282.8,-37.09999999999991,30075,16221
2015 Jul,,109.409117426452,152.071597465473,,14.7,205.9,5.3,,5500,262.6,229.4,32094.2,893.13,,,,312661.726615569,,1353,318.1,291.9,70.79999999999973,27304,16726
2015 Aug,,111.009250770898,152.603897456602,,14.2,209.1,5.3,,5200,286.3,217.2,32383.6,811.25,,,,318660.408036601,,1330,446.9,300.9,-39.59999999999991,25114,16261
2015 Sep,,114.409534127844,153.473697442105,,13.97,194.3,5.2,,7000,298.9,220.9,32074.4,797.31,,,,322373.715552576,,1336,749.5,291.9,99.90000000000009,26342,16830
2015 Oct,,120.110009167431,154.609397423177,,13.58,202.8,5.5,,6900,364.6,222.2,32170.2,850.02,,,,319060.125260848,,1288,541.9,296.5,162.0999999999999,26960,16913
2015 Nov,,122.410200850071,155.76899740385,,13.75,200.2,5.8,,7800,339.1,220.7,32754.2,861.55,,,,317027.94081041,,1207,350.6,293.6,-396,25397,16456
2015 Dec,,133.611134261188,156.96839738386,,13.8,301.5,5.8,,18100,568,285.1,35179.7,785.27,,,,319835.205901372,,1135,152.9,353.8,-1827.9999999999995,28746,17438
2016 Jan,,99.80831735978,158.475297358745,,13.37,136.9,5.8,,5500,,211.8,33975.7,693,,,,320178.573959461,,1116,90.2,257.9,557.5999999999999,17134,9854
2016 Feb,,104.208684057005,159.473697342105,,13.41,184.9,5.8,,4700,,218.6,34318.9,722.86,,,,323274.679778627,,1124,99.6,254.8,-641.5,20118,12870
2016 Mar,,113.409450787566,160.207297329878,,13.24,184.8,6,,5400,,228,34698.7,844.26,,,,328870.554128852,,1167,141.6,268.6,-379.0999999999999,23172,15380
2016 Apr,,109.109092424369,160.91219731813,,13,199.3,5.9,,4700,,233.2,35113.1,907.4,,,,331013.510143496,,1231,161.3,264,-236.5,21737,15131
2016 May,,107.008917409784,161.571897307135,,13.1,176.6,5.6,,4400,,237.2,35650.5,911.28,,,,329786.008069509,,1419,181.7,266.9,-194.0999999999999,22029,14456
2016 Jun,,111.109259104925,162.15359729744,,12.7,193.6,5.4,,6800,,243.6,35867.9,919.84,,,,329258.286785319,,1419,183.9,268.8,-167.80000000000018,24021,16008
2016 Jul,,111.009250770898,163.029197282847,,12.44,189.7,5.3,,5700,,226.1,36039,940.03,,,,329391.206957856,,1426,341.9,279.5,210.20000000000027,22428,16215
2016 Aug,,112.609384115343,163.045497282575,,12.2,188.8,5.2,,5600,,222.7,36194.4,952.03,,,,330487.901827657,,1407,472.9,288.5,-52.90000000000009,23087,18478
2016 Sep,,114.509542461872,163.322697277955,,12.1,189.7,5.2,,6700,,224.9,36148.8,981.32,,,,332230.988932908,,1406,785.4,283,-215,25368,17984
2016 Oct,,122.110175847987,164.02499726625,,12.07,191.2,5.4,,6100,,223.6,36051,994.85,,,,326308.389945247,,1360,565.5,283.8,114.80000000000018,24734,18206
2016 Nov,,126.510542545212,164.746697254222,,11.72,188.2,5.4,,7300,,225.6,36433,995.15,,,,323630.091808104,,1267,374.9,281.3,-344,26558,17614
2016 Dec,,133.911159263272,165.405697243238,,11.83,280.2,5.3,,17300,,295.3,38418,1117.67,,,,317544.458956084,,1176,162,335.6,-1793.7999999999997,31295,19476
2017 Jan,,105.8,166.431197226147,,11.61,149.3,5.6,,4300,,219.7,38016.8,1163.32,,,,327643.870446464,,1208,91,253,295.89999999999986,25441,13676
2017 Feb,,102.3,166.797297220045,,11.48,178.1,5.6,,3900,,225.6,38475.2,1159.53,,,,330469.302066653,,1248,100.1,248.2,-273.0000000000002,25818,15582
2017 Mar,,116.6,167.01419721643,,11.41,177.6,5.4,,4900,,240.5,38555.2,1102.87,,,,330332.312250311,,1341,143.6,268.8,121.30000000000018,31329,18730
2017 Apr,,111.7,167.565297207245,,11.02,184,5.3,,4200,,248.4,38663.8,1103.79,,,,332336.017091778,,1433,163,265.3,-156.69999999999982,26097,18094
2017 May,,113.7,168.185297196912,,,175.9,5.2,,4300,,250.4,39222.9,1092.04,,,,336421.86671844,,1620,182.7,270.3,176.29999999999973,28253,
2017 Jun,,115.2,169.211297179812,,10.68,193.5,5.1,,6400,,260.2,39623.1,1011.6,,,,343460.276946238,,1656,182,273.3,-99.29999999999973,29520,
2017 Jul,,112.9,169.329697177838,,10.44,182.3,5.1,,5400,,239.6,39275.9,1020.51,,,,348396.004584756,,1664,333.5,283.7,324,24685,
2017 Aug,,117.3,168.415297193078,,10.41,186.8,4.9,,6300,,235.1,39419.3,1041.56,,,,350473.79285899,,1652,498.6,293.6,12.200000000000273,29070,
2017 Sep,,120.9,168.162697197288,,10.03,188.1,5,,6700,,241.7,39571,1118.55,,,,351154.141589901,,1648,854.7,292.2,-11.400000000000091,30818,
2017 Oct,,125.9,168.498997191683,,9.82,188.5,5,,6900,,243.1,39667.5,1134.62,,,,351138.945773792,,1585,553,293.9,307.9000000000001,31489,
2017 Nov,,127.3,168.869697185505,,9.67,188,5.1,,7100,,245.8,40114.4,1142.26,,,,355512.856038528,,1507,380.4,290.4,-326.89999999999964,33348,
2017 Dec,,136.7,169.578997173683,,9.43,276.7,5.1,,18800,,322.5,42442.1,1139.36,,,,356084.02096411,,1392,167.4,346.7,-1719.3999999999996,37107,
2018 Jan,,108.3,170.104697164922,,9.14,139.2,5.2,,5000,,246.1,41598,1261.16,,,,367339.347583799,,1377,93.2,260.7,416.5,33398,
2018 Feb,,105.6,170.461897158968,,8.81,185.6,5,,5200,,252.2,42045.6,1260.09,,,,373056.270287746,,1410,102.7,253.4,-107.19999999999982,31197,
2018 Mar,,119.8,170.95619715073,,8.77,185.8,5,,5500,,264.1,42375.3,1260,,,,377500.492816165,,1468,147.4,274.7,403.4000000000001,36897,
2018 Apr,,116.1,171.605897139902,,8.66,194.2,4.9,,4500,,270.4,43121.7,1155.87,,,,378718.413251747,,1527,167,272.5,86.40000000000009,,
2018 May,,117.9,172.257997129033,,8.75,176.1,4.7,,3500,,272.8,43255.2,1169.86,,,,376122.012997776,,1681,186.9,276.6,477,,
2018 Jun,,,173.101997114967,,,195,4.7,,5300,,282.7,44125.3,1137.93,,,,378567.984861903,,1741,183.5,281.3,,,
2018 Jul,,,,,,185.8,4.7,,5000,,262,,1160.07,,,,,,,336.4,290.6,,,
2018 Aug,,,,,,,,,,,,,,,,,,,,,,,,
